hometown_id,city_name,state_code,latitude,longitude,state_latitude,state_longitude,total_athletes,ht_name,region,elevation,distance_to_west_coast_km,distance_to_east_coast_km,distance_to_nearest_coast_km,climate_zone
HT_TX_Abilene,Abilene,TX,32.44645,-99.7475905,31.9686,-99.9018,1,"Abilene, TX",South,534.0,2143.635818216761,2468.331215516308,512.8614197690664,Tropical/Subtropical
HT_WA_Acme,Acme,WA,48.7286565,-122.231472,47.4009,-121.4905,1,"Acme, WA",West,326.0,1217.0337331983476,3855.104271510226,125.03416165611787,Cold Temperate
HT_MD_Adamstown,Adamstown,MD,39.308889,-77.466733,39.0639,-76.8021,1,"Adamstown, MD",South,100.0,3882.048154273256,334.03970219709106,334.03970219709106,Subtropical
HT_SC_Aiken,Aiken,SC,33.5723191,-81.6182086,34.0007,-81.1637,1,"Aiken, SC",South,122.0,3693.897855602761,1040.9222207842029,1040.9222207842029,Tropical/Subtropical
HT_CA_Alameda,Alameda,CA,37.6090291,-121.899142,36.1162,-119.6816,1,"Alameda, CA",West,226.0,49.44137346152768,4102.389010010203,49.44137346152768,Subtropical
HT_NM_Albuquerque,Albuquerque,NM,35.0841034,-106.650985,34.8405,-106.2371,1,"Albuquerque, NM",West,1513.0,1443.2891454650726,2920.625955089023,1213.0898498328654,Montane
HT_IL_Algonquin,Algonquin,IL,42.1655801,-88.2942493,40.3495,-88.9861,1,"Algonquin, IL",Midwest,228.0,2935.7425746510207,1203.5272998371172,1203.5272998371172,Temperate
HT_NY_Allegany,Allegany,NY,42.2446061,-78.0419281,42.1657,-74.9481,1,"Allegany, NY",Northeast,415.0,3778.292969075488,377.5353935204793,377.5353935204793,Temperate
HT_PA_Allentown,Allentown,PA,40.6022552,-75.4716115,40.5908,-77.2098,1,"Allentown, PA",Northeast,115.0,4020.0926247902603,124.5504659885829,124.5504659885829,Temperate
HT_GA_Alpharetta,Alpharetta,GA,34.0755962,-84.2945964,33.0406,-83.6431,1,"Alpharetta, GA",South,345.0,3441.264789139246,1170.1562498318672,1150.6735932171698,Tropical/Subtropical
HT_FL_Alva,Alva,FL,26.7156236,-81.6100797,27.9947,-81.7603,1,"Alva, FL",South,14.0,4001.1898853595444,1703.2979944318872,1390.9690175797086,Tropical/Subtropical
HT_NY_Amityville,Amityville,NY,40.6789893,-73.4170673,42.1657,-74.9481,1,"Amityville, NY",Northeast,10.0,4188.633379476184,49.91830835562589,49.91830835562589,Temperate
HT_MA_Andover,Andover,MA,42.65717,-71.1408776,42.2352,-71.0275,1,"Andover, MA",Northeast,54.0,4331.476414211141,321.74015502424675,321.74015502424675,Temperate
HT_MI_Ann_Arbor,Ann Arbor,MI,42.2813722,-83.7484616,43.3266,-84.5361,3,"Ann Arbor, MI",Midwest,261.0,3309.706643589341,831.4347244972068,831.4347244972068,Temperate
HT_CT_Ansonia,Ansonia,CT,41.3434295,-73.0441144,41.5978,-72.7554,1,"Ansonia, CT",Northeast,144.0,4204.444051279052,106.99697071811218,106.99697071811218,Temperate
HT_CA_Antioch,Antioch,CA,38.0093296,-121.8106925,36.1162,-119.6816,1,"Antioch, CA",West,11.0,59.53015111022521,4079.9486680414843,59.53015111022521,Subtropical
HT_FL_Apollo_Beach,Apollo Beach,FL,27.7729445,-82.3981375,27.9947,-81.7603,1,"Apollo Beach, FL",South,3.0,3877.714102683529,1628.3764242346876,1285.0423121604247,Tropical/Subtropical
HT_OK_Ardmore,Ardmore,OK,34.1729273,-97.1309119,35.5653,-96.9289,1,"Ardmore, OK",South,278.0,2308.277589090074,2163.509092300361,516.8048812644992,Tropical/Subtropical
HT_TX_Arlington,Arlington,TX,32.7355816,-97.1071186,31.9686,-99.9018,1,"Arlington, TX",South,190.0,2362.437387443289,2236.7804383893686,369.03613448111895,Tropical/Subtropical
HT_VA_Arlington,Arlington,VA,38.8769326,-77.0893094,37.7693,-78.1694,1,"Arlington, VA",South,68.0,3924.2875427368826,333.5621565545183,333.5621565545183,Subtropical
HT_WA_Arlington,Arlington,WA,48.1810957,-122.1389548,47.4009,-121.4905,1,"Arlington, WA",West,37.0,1156.2748737630006,3854.164957694162,65.53298992732063,Cold Temperate
HT_CO_Aspen,Aspen,CO,39.1911128,-106.82356,39.0598,-105.3111,1,"Aspen, CO",West,2414.0,1368.1158502940095,2793.148158770533,1368.1158502940095,Montane
HT_GA_Athens,Athens,GA,33.9597677,-83.376398,33.0406,-83.6431,1,"Athens, GA",South,239.0,3525.8520182219554,1117.3637561900991,1117.3637561900991,Tropical/Subtropical
HT_GA_Atlanta,Atlanta,GA,33.7544657,-84.3898151,33.0406,-83.6431,2,"Atlanta, GA",South,335.0,3444.067514948825,1200.7185452515428,1129.781158612516,Tropical/Subtropical
HT_OH_Attica,Attica,OH,41.0647777,-82.887686,40.3888,-82.7649,1,"Attica, OH",Midwest,287.0,3394.4872175499745,749.2118767999824,749.2118767999824,Temperate
HT_WA_Auburn,Auburn,WA,47.3075369,-122.2301808,47.4009,-121.4905,1,"Auburn, WA",West,24.0,1059.0370156302006,3872.0469579550177,34.083038440280184,Cold Temperate
HT_CO_Aurora,Aurora,CO,39.7405111,-104.830994,39.0598,-105.3111,2,"Aurora, CO",West,1645.0,1541.7368672558466,2612.2716493127973,1403.9579002690691,Montane
HT_IL_Aurora,Aurora,IL,41.7571701,-88.3147539,40.3495,-88.9861,1,"Aurora, IL",Midwest,198.0,2935.907062346509,1203.7709372792685,1203.7709372792685,Temperate
HT_TX_Austin,Austin,TX,30.2711286,-97.7436995,31.9686,-99.9018,1,"Austin, TX",South,174.0,2417.3930175301607,2434.41368085067,235.90145068881833,Tropical/Subtropical
HT_CT_Avon,Avon,CT,41.8098209,-72.8306541,41.5978,-72.7554,1,"Avon, CT",Northeast,63.0,4211.955436583478,156.66502091398414,156.66502091398414,Temperate
HT_MD_Baltimore,Baltimore,MD,39.2908816,-76.610759,39.0639,-76.8021,6,"Baltimore, MD",South,28.0,3954.618944632088,272.74164235898564,272.74164235898564,Subtropical
HT_WI_Barron,Barron,WI,45.423557,-91.8454099,44.2685,-89.6165,1,"Barron, WI",Midwest,337.0,2667.8288281338846,1540.4192366982734,1540.4192366982734,Cold Temperate
HT_LA_Baton_Rouge,Baton Rouge,LA,30.4494155,-91.1869659,31.1695,-91.8749,1,"Baton Rouge, LA",South,28.0,2978.440280269642,1923.3007642559087,410.3054739528789,Tropical/Subtropical
HT_WA_Battle_Ground,Battle Ground,WA,45.7813532,-122.5337433,47.4009,-121.4905,1,"Battle Ground, WA",West,91.0,889.3208499250472,3919.797027229516,203.4441162920032,Cold Temperate
HT_MI_Bay_City,Bay City,MI,43.5962107,-83.8881711,43.3266,-84.5361,1,"Bay City, MI",Midwest,181.0,3290.054351454981,876.6098086339285,876.6098086339285,Temperate
HT_OR_Beaverton,Beaverton,OR,45.4871723,-122.80378,43.8041,-120.5542,2,"Beaverton, OR",West,55.0,857.1693981622396,3946.118562203474,238.31574263600433,Cold Temperate
HT_OH_Bellbrook,Bellbrook,OH,39.6358399,-84.0701766,40.3888,-82.7649,1,"Bellbrook, OH",Midwest,239.0,3316.822544823038,865.0359398033528,865.0359398033528,Subtropical
HT_FL_Belleair_Beach,Belleair Beach,FL,27.9230767,-82.8431594,27.9947,-81.7603,1,"Belleair Beach, FL",South,3.0,3831.0991207972106,1633.223517570343,1238.6222234464292,Tropical/Subtropical
HT_KS_Belleville,Belleville,KS,39.8246673,-97.6325554,38.5266,-96.7265,1,"Belleville, KS",Midwest,474.0,2158.2606445234796,2005.9902773319484,1135.4295408127168,Subtropical
HT_AL_Birmingham,Birmingham,AL,33.5206824,-86.8024326,32.8067,-86.7113,2,"Birmingham, AL",South,186.0,3240.165341236122,1387.0581466654646,912.9489171471689,Tropical/Subtropical
HT_ID_Boise,Boise,ID,43.6166163,-116.200886,44.0682,-114.742,2,"Boise, ID",West,838.0,834.3795649921782,3464.119892818787,651.8093031361309,Temperate
HT_NJ_Boonton,Boonton,NJ,40.9025989,-74.4070971,40.2206,-74.7597,1,"Boonton, NJ",Northeast,125.0,4101.784467417557,39.87076197497559,39.87076197497559,Temperate
HT_LA_Bossier_City,Bossier City,LA,32.515887,-93.7336536,31.1695,-91.8749,1,"Bossier City, LA",South,55.0,2667.1366760225146,1979.0975692639493,343.0308049368374,Tropical/Subtropical
HT_MA_Boston,Boston,MA,42.3588336,-71.0578303,42.2352,-71.0275,3,"Boston, MA",Northeast,18.0,4344.410053669056,306.4801227610925,306.4801227610925,Temperate
HT_CO_Boulder,Boulder,CO,40.0149856,-105.270545,39.0598,-105.3111,2,"Boulder, CO",West,1628.0,1505.931513627586,2642.6187064973474,1451.6495369000809,Montane
HT_MT_Bozeman,Bozeman,MT,45.6794293,-111.044047,47.0527,-109.6333,1,"Bozeman, MT",West,1474.0,1288.5889386449915,3032.597399773873,889.4837361321563,Cold Temperate
HT_CO_Breckenridge,Breckenridge,CO,39.4829124,-106.0465486,39.0598,-105.3111,1,"Breckenridge, CO",West,2924.0,1436.2167858811683,2720.4019696807386,1436.2167858811683,Montane
HT_TN_Bristol,Bristol,TN,36.5945034,-82.1885212,35.7478,-86.6923,1,"Bristol, TN",South,508.0,3546.9771979867955,845.7828497251111,845.7828497251111,Subtropical
HT_CT_Brookfield,Brookfield,CT,41.4825947,-73.4095652,41.5978,-72.7554,1,"Brookfield, CT",Northeast,90.0,4171.476937973179,99.09159461509519,99.09159461509519,Temperate
HT_NY_Brooklyn,Brooklyn,NY,40.6526006,-73.9497211,42.1657,-74.9481,1,"Brooklyn, NY",Northeast,22.0,4145.163895430336,8.20516741185365,8.20516741185365,Temperate
HT_MN_Brooklyn_Park,Brooklyn Park,MN,45.1004807,-93.3443585,45.6945,-93.9196,1,"Brooklyn Park, MN",Midwest,264.0,2546.3187483023066,1648.0976228857141,1648.0976228857141,Cold Temperate
HT_TX_Brownsville,Brownsville,TX,25.9024289,-97.4981698,31.9686,-99.9018,1,"Brownsville, TX",South,15.0,2688.891012814372,2720.783524590281,476.14382208548784,Tropical/Subtropical
HT_GA_Buford,Buford,GA,34.1206564,-84.0043513,33.0406,-83.6431,1,"Buford, GA",South,358.0,3465.1921703166977,1146.9745750723887,1146.9745750723887,Tropical/Subtropical
HT_WA_Burien,Burien,WA,47.469918,-122.3485274,47.4009,-121.4905,1,"Burien, WA",West,113.0,1076.9927116458737,3878.6732264820957,15.202408054089465,Cold Temperate
HT_NC_Burlington,Burlington,NC,36.0956918,-79.4377991,35.6301,-79.8064,1,"Burlington, NC",South,196.0,3799.7645525869707,698.1176658797507,698.1176658797507,Subtropical
HT_VT_Burlington,Burlington,VT,44.4761601,-73.212906,44.0459,-72.7107,1,"Burlington, VT",Northeast,61.0,4134.725570859287,423.0833440625374,423.0833440625374,Temperate
HT_MN_Burnsville,Burnsville,MN,44.7670567,-93.2773887,45.6945,-93.9196,1,"Burnsville, MN",Midwest,297.0,2546.4317418984965,1636.5872008794265,1636.5872008794265,Temperate
HT_NY_Camillus,Camillus,NY,43.039233,-76.3040965,42.1657,-74.9481,1,"Camillus, NY",Northeast,140.0,3908.0615224235794,321.15928695735863,321.15928695735863,Temperate
HT_NH_Campton,Campton,NH,43.8235868,-71.6389687,43.4525,-71.3384,1,"Campton, NH",Northeast,233.0,4269.581761725329,396.8627248388237,396.8627248388237,Temperate
HT_CO_Carbondale,Carbondale,CO,39.4005647,-107.2112407,39.0598,-105.3111,1,"Carbondale, CO",West,1887.0,1335.6375329409166,2820.029604763083,1335.6375329409166,Montane
HT_PA_Carlisle,Carlisle,PA,40.201499,-77.1890783,40.5908,-77.2098,1,"Carlisle, PA",Northeast,148.0,3885.5489194143306,275.88208660178344,275.88208660178344,Temperate
HT_CA_Carlsbad,Carlsbad,CA,33.1580933,-117.3505966,36.1162,-119.6816,1,"Carlsbad, CA",West,19.0,688.2727646211589,3910.2977369554665,688.2727646211589,Tropical/Subtropical
HT_PA_Carmichaels,Carmichaels,PA,39.8967425,-79.9744992,40.5908,-77.2098,1,"Carmichaels, PA",Northeast,302.0,3658.116035743182,515.3200148442646,515.3200148442646,Subtropical
HT_MI_Caro,Caro,MI,43.491132,-83.396897,43.3266,-84.5361,1,"Caro, MI",Midwest,222.0,3330.1944016244684,835.2470769255511,835.2470769255511,Temperate
HT_GA_Cartersville,Cartersville,GA,34.1652304,-84.7997613,33.0406,-83.6431,1,"Cartersville, GA",South,238.0,3393.862353489329,1198.6563863526883,1111.3531137871946,Tropical/Subtropical
HT_MO_Carthage,Carthage,MO,37.1765141,-94.3103412,38.4561,-92.2884,1,"Carthage, MO",South,308.0,2477.85792039155,1799.1201163755024,828.4024920416362,Subtropical
HT_NC_Cary,Cary,NC,35.7882893,-78.7812081,35.6301,-79.8064,1,"Cary, NC",South,154.0,3866.191057299968,687.8718374629613,687.8718374629613,Subtropical
HT_CA_Castaic,Castaic,CA,34.478169,-118.6361914,36.1162,-119.6816,1,"Castaic, CA",West,514.0,499.7016699337852,3958.441910649868,499.7016699337852,Tropical/Subtropical
HT_OH_Castalia,Castalia,OH,41.4000523,-82.8085204,40.3888,-82.7649,1,"Castalia, OH",Midwest,194.0,3396.722398585332,743.5682546469866,743.5682546469866,Temperate
HT_CO_Castle_Pines,Castle Pines,CO,39.4702853,-104.8804384,39.0598,-105.3111,1,"Castle Pines, CO",West,1961.0,1536.4468196656921,2623.0119830238127,1384.2327594222238,Montane
HT_WI_Cedar_Grove,Cedar Grove,WI,43.5720402,-87.8203105,44.2685,-89.6165,1,"Cedar Grove, WI",Midwest,213.0,2972.5697364102903,1183.7120730059896,1183.7120730059896,Temperate
HT_TX_Cedar_Park,Cedar Park,TX,30.5217116,-97.827833,31.9686,-99.9018,1,"Cedar Park, TX",South,300.0,2397.7644600521194,2425.296182312857,251.41063344183982,Tropical/Subtropical
HT_IA_Cedar_Rapids,Cedar Rapids,IA,41.9758872,-91.6704053,42.0115,-93.2105,1,"Cedar Rapids, IA",Midwest,213.0,2656.792315016207,1482.4211907501212,1395.5808331834153,Temperate
HT_WI_Cedarburg,Cedarburg,WI,43.2966545,-87.9875348,44.2685,-89.6165,1,"Cedarburg, WI",Midwest,240.0,2958.8534830820604,1191.740168019689,1191.740168019689,Temperate
HT_GA_Cedartown,Cedartown,GA,34.0124425,-85.2559398,33.0406,-83.6431,1,"Cedartown, GA",South,243.0,3359.0110328774695,1241.7383130551011,1065.983521151399,Tropical/Subtropical
HT_OH_Celina,Celina,OH,40.5489358,-84.5702338,40.3888,-82.7649,1,"Celina, OH",Midwest,268.0,3260.559001412407,893.4105135379109,893.4105135379109,Temperate
HT_CO_Centennial,Centennial,CO,39.579155,-104.8769227,39.0598,-105.3111,1,"Centennial, CO",West,1786.0,1537.1051682762109,2620.020899689472,1393.0647127554787,Montane
HT_IL_Champaign,Champaign,IL,40.1164841,-88.2430932,40.3495,-88.9861,2,"Champaign, IL",Midwest,225.0,2955.964759355215,1208.861426302148,1208.861426302148,Temperate
HT_NC_Chapel_Hill,Chapel Hill,NC,35.9131542,-79.05578,35.6301,-79.8064,1,"Chapel Hill, NC",South,150.0,3838.480674594829,691.7505219479367,691.7505219479367,Subtropical
HT_NC_Charlotte,Charlotte,NC,35.2272086,-80.8430827,35.6301,-79.8064,2,"Charlotte, NC",South,275.0,3704.9390652763177,854.813633715968,854.813633715968,Subtropical
HT_WA_Cheney,Cheney,WA,47.4892246,-117.579304,47.4009,-121.4905,1,"Cheney, WA",West,735.0,1149.2353890083587,3520.7127998934125,357.94825586923747,Cold Temperate
HT_PA_Cheswick,Cheswick,PA,40.5410997,-79.8013437,40.5908,-77.2098,1,"Cheswick, PA",Northeast,231.0,3660.5255023077657,490.6124552568259,490.6124552568259,Temperate
HT_IL_Chicago,Chicago,IL,41.8755616,-87.6244212,40.3495,-88.9861,6,"Chicago, IL",Midwest,189.0,2992.542515061907,1146.7353163813793,1146.7353163813793,Temperate
HT_WI_Chicago,Chicago,WI,45.0473188,-89.8446167,44.2685,-89.6165,1,"Chicago, WI",Midwest,390.0,2819.2914761825527,1377.8583902614641,1377.8583902614641,Cold Temperate
HT_CA_Claremont,Claremont,CA,34.0966764,-117.7197785,36.1162,-119.6816,1,"Claremont, CA",West,362.0,588.4020802158121,3898.2335466014174,588.4020802158121,Tropical/Subtropical
HT_GA_Clarkesville,Clarkesville,GA,34.6125971,-83.5248933,33.0406,-83.6431,1,"Clarkesville, GA",South,422.0,3490.6885071555785,1077.6598639363165,1077.6598639363165,Tropical/Subtropical
HT_MD_Clarksville,Clarksville,MD,39.2065447,-76.9429182,39.0639,-76.8021,1,"Clarksville, MD",South,140.0,3928.641280340571,301.53946645301056,301.53946645301056,Subtropical
HT_FL_Clearwater,Clearwater,FL,27.9658533,-82.8001026,27.9947,-81.7603,1,"Clearwater, FL",South,23.0,3832.739576049638,1627.0649368145434,1241.749046856424,Tropical/Subtropical
HT_OH_Cleveland,Cleveland,OH,41.4996574,-81.6936772,40.3888,-82.7649,1,"Cleveland, OH",Midwest,211.0,3487.9665175158257,651.4260197209369,651.4260197209369,Temperate
HT_NJ_Clifton,Clifton,NJ,40.8584328,-74.1637553,40.2206,-74.7597,2,"Clifton, NJ",Northeast,50.0,4122.859075319151,20.948901271224724,20.948901271224724,Temperate
HT_NC_Coats,Coats,NC,35.4079393,-78.6719592,35.6301,-79.8064,1,"Coats, NC",South,95.0,3887.891736333968,716.9530178376227,716.9530178376227,Subtropical
"HT_NY_Cold_Spring_Harbor,_N.Y.","Cold Spring Harbor, N.Y.",NY,40.8601065,-73.4529025,42.1657,-74.9481,1,"Cold Spring Harbor, N.Y., NY",Northeast,67.0,4181.534262500292,49.467745448541066,49.467745448541066,Temperate
HT_WI_Coleman,Coleman,WI,45.0649843,-88.0342701,44.2685,-89.6165,1,"Coleman, WI",Midwest,217.0,2961.61976822917,1241.6188460432022,1241.6188460432022,Cold Temperate
HT_CO_Colorado_Springs,Colorado Springs,CO,38.8339578,-104.825348,39.0598,-105.3111,13,"Colorado Springs, CO",West,1846.0,1541.0107000169228,2635.1308859507903,1329.0931363258887,Montane
HT_CA_Colton,Colton,CA,34.0669162,-117.3242785,36.1162,-119.6816,1,"Colton, CA",West,301.0,616.8474248510627,3866.2110895772516,616.8474248510627,Tropical/Subtropical
HT_CT_Columbia,Columbia,CT,41.7022091,-72.3019535,41.5978,-72.7554,1,"Columbia, CT",Northeast,162.0,4257.400389371737,180.27117927920978,180.27117927920978,Temperate
HT_SC_Columbia,Columbia,SC,34.000754,-81.0352313,34.0007,-81.1637,1,"Columbia, SC",South,97.0,3729.619324512345,970.2277143668673,970.2277143668673,Tropical/Subtropical
HT_OH_Columbus,Columbus,OH,39.9622601,-83.0007065,40.3888,-82.7649,2,"Columbus, OH",Midwest,241.0,3401.7799755895676,768.4833498207647,768.4833498207647,Subtropical
HT_MI_Commerce,Commerce,MI,42.5911431,-83.4907721,43.3266,-84.5361,1,"Commerce, MI",Midwest,291.0,3328.3069671103412,816.6654237289171,816.6654237289171,Temperate
HT_MI_Commerce_Township,Commerce Township,MI,42.5911431,-83.4907721,43.3266,-84.5361,1,"Commerce Township, MI",Midwest,291.0,3328.3069671103412,816.6654237289171,816.6654237289171,Temperate
HT_TX_Converse,Converse,TX,29.5180081,-98.3161241,31.9686,-99.9018,1,"Converse, TX",South,221.0,2407.311247658663,2527.8570907438534,286.55683453663306,Tropical/Subtropical
HT_IA_Coralville,Coralville,IA,41.6759977,-91.580705,42.0115,-93.2105,1,"Coralville, IA",Midwest,208.0,2664.5678312968885,1475.603758890546,1365.4250512040142,Temperate
HT_TX_Corsicana,Corsicana,TX,32.0938236,-96.464675,31.9686,-99.9018,1,"Corsicana, TX",South,133.0,2444.741559754453,2221.414175977229,279.05976175691745,Tropical/Subtropical
HT_LA_Coteau,Coteau,LA,30.0471474,-91.9142859,31.1695,-91.8749,1,"Coteau, LA",South,10.0,2933.517649495291,2005.390009760084,335.2280039172216,Tropical/Subtropical
HT_IA_Council_Bluffs,Council Bluffs,IA,41.258841,-95.8519484,42.0115,-93.2105,1,"Council Bluffs, IA",Midwest,304.0,2307.7900074945164,1834.5598308673493,1276.5088221519395,Temperate
HT_NJ_Cranford,Cranford,NJ,40.656539,-74.3035794,40.2206,-74.7597,1,"Cranford, NJ",Northeast,28.0,4115.771210172899,25.92004511313732,25.92004511313732,Temperate
HT_IL_Crystal_Lake,Crystal Lake,IL,42.2411344,-88.3161965,40.3495,-88.9861,2,"Crystal Lake, IL",Midwest,277.0,2933.657662961854,1205.7910868953434,1205.7910868953434,Temperate
HT_MI_Cutlerville,Cutlerville,MI,42.8406746,-85.6738769,43.3266,-84.5361,1,"Cutlerville, MI",Midwest,205.0,3148.2237899646734,997.5309505011203,997.5309505011203,Temperate
HT_GA_Dacula,Dacula,GA,33.9887165,-83.8979573,33.0406,-83.6431,1,"Dacula, GA",South,319.0,3479.0752454980807,1149.7530913842568,1149.7530913842568,Tropical/Subtropical
HT_TX_Dallas,Dallas,TX,32.7762719,-96.7968559,31.9686,-99.9018,1,"Dallas, TX",South,151.0,2388.031680173333,2209.33547196818,360.93352338892424,Tropical/Subtropical
HT_WI_Dane,Dane,WI,43.0709273,-89.4322174,44.2685,-89.6165,1,"Dane, WI",Midwest,272.0,2841.2379745951657,1304.7553155283795,1304.7553155283795,Temperate
HT_CT_Darien,Darien,CT,41.0787079,-73.4692873,41.5978,-72.7554,1,"Darien, CT",Northeast,19.0,4175.298453436467,60.800339890272895,60.800339890272895,Temperate
HT_IA_Davenport_,Davenport ,IA,41.5235808,-90.5770967,42.0115,-93.2105,1,"Davenport , IA",Midwest,179.0,2748.6261979999363,1392.4880192152234,1374.8297042954623,Temperate
HT_CA_Davis,Davis,CA,38.5435526,-121.739005,36.1162,-119.6816,1,"Davis, CA",West,14.0,104.09244742438806,4054.448599140393,104.09244742438806,Subtropical
HT_WI_DeForest,DeForest,WI,43.2477691,-89.3437277,44.2685,-89.6165,1,"DeForest, WI",Midwest,289.0,2848.712474516018,1299.9339564349025,1299.9339564349025,Temperate
HT_IL_Decatur,Decatur,IL,39.8454163,-88.9524151,40.3495,-88.9861,1,"Decatur, IL",Midwest,211.0,2898.966404269896,1273.2181400836812,1262.6468271609654,Subtropical
HT_WI_Deerfield,Deerfield,WI,43.0538156,-89.0749153,44.2685,-89.6165,1,"Deerfield, WI",Midwest,286.0,2870.324919811886,1275.62139955684,1275.62139955684,Temperate
HT_CA_Del_Mar,Del Mar,CA,32.9594891,-117.2653146,36.1162,-119.6816,1,"Del Mar, CA",West,34.0,710.2475215895828,3912.491161250783,710.2475215895828,Tropical/Subtropical
HT_FL_Deland,Deland,FL,29.0281051,-81.3034183,27.9947,-81.7603,1,"Deland, FL",South,19.0,3912.659117332819,1456.5569355930513,1366.9436762655735,Tropical/Subtropical
HT_CA_Delano,Delano,CA,35.7688425,-119.247053,36.1162,-119.6816,1,"Delano, CA",West,98.0,360.1971096679728,3954.437209401526,360.1971096679728,Subtropical
HT_LA_Delcambre,Delcambre,LA,29.948261,-91.9887328,31.1695,-91.8749,1,"Delcambre, LA",South,6.0,2931.7030671208477,2018.0069834895567,327.3529875779433,Tropical/Subtropical
HT_NM_Deming,Deming,NM,32.2627416,-107.7581979,34.8405,-106.2371,1,"Deming, NM",West,1325.0,1468.942252247257,3144.3295125081822,1214.3094400886068,Tropical/Subtropical
HT_CO_Denver,Denver,CO,39.7392364,-104.984862,39.0598,-105.3111,6,"Denver, CO",West,1617.0,1528.5547952858553,2625.182693336073,1412.5215548458184,Montane
HT_NJ_Deptford,Deptford,NJ,39.8271755,-75.1235892,40.2206,-74.7597,1,"Deptford, NJ",Northeast,19.0,4066.648598185254,136.77014756648316,136.77014756648316,Subtropical
HT_IA_Des_Moines,Des Moines,IA,41.5868654,-93.6249494,42.0115,-93.2105,1,"Des Moines, IA",Midwest,244.0,2494.295883878485,1646.2070793031196,1321.5850255483786,Temperate
HT_MI_Detroit,Detroit,MI,42.3315509,-83.0466403,43.3266,-84.5361,1,"Detroit, MI",Midwest,186.0,3366.9409730957254,775.3056469590945,775.3056469590945,Temperate
HT_IL_Downers_Grove,Downers Grove,IL,41.7936822,-88.0102281,40.3495,-88.9861,1,"Downers Grove, IL",Midwest,221.0,2960.996362345271,1178.5246382774192,1178.5246382774192,Temperate
HT_CA_Dublin,Dublin,CA,37.7021521,-121.9357918,36.1162,-119.6816,1,"Dublin, CA",West,109.0,43.384805776755094,4101.874354155876,43.384805776755094,Subtropical
HT_TX_Dublin,Dublin,TX,32.086135,-98.3422331,31.9686,-99.9018,1,"Dublin, TX",South,452.0,2281.2468354030834,2373.428170530745,383.6348623914215,Tropical/Subtropical
HT_FL_Dunnellon,Dunnellon,FL,29.0491426,-82.4609331,27.9947,-81.7603,1,"Dunnellon, FL",South,17.0,3809.765706223515,1505.4406225102673,1254.7165671419423,Tropical/Subtropical
HT_CO_Durango,Durango,CO,37.2769484,-107.8766,39.0598,-105.3111,1,"Durango, CO",West,2006.0,1285.4010874281084,2940.5762295398495,1285.4010874281084,Montane
HT_NC_Durham,Durham,NC,35.996653,-78.9018053,35.6301,-79.8064,2,"Durham, NC",South,126.0,3849.2162823424114,675.9028755344422,675.9028755344422,Subtropical
HT_MN_Eagan,Eagan,MN,44.818173,-93.1659179,45.6945,-93.9196,1,"Eagan, MN",Midwest,272.0,2555.9210587252437,1628.8084347470406,1628.8084347470406,Temperate
HT_CO_Eagle,Eagle,CO,39.6161124,-106.7172844,39.0598,-105.3111,1,"Eagle, CO",West,2588.0,1379.4050717373295,2773.1491540707048,1379.4050717373295,Montane
HT_ID_Eagle,Eagle,ID,43.6954424,-116.3540138,44.0682,-114.742,1,"Eagle, ID",West,784.0,833.0122884814356,3474.8659463548997,636.8843494391709,Temperate
HT_UT_Eagle_Mountain,Eagle Mountain,UT,40.3093488,-112.0119825,39.321,-111.0937,1,"Eagle Mountain, UT",West,1487.0,943.2530890075532,3195.9380235634894,943.2530890075532,Temperate
HT_PA_Eagleville,Eagleville,PA,40.160085,-75.4106722,40.5908,-77.2098,1,"Eagleville, PA",Northeast,142.0,4034.940536027739,134.0555814468374,134.0555814468374,Temperate
HT_MA_East_Falmouth,East Falmouth,MA,41.5786678,-70.5587024,42.2352,-71.0275,1,"East Falmouth, MA",Northeast,11.0,4402.396806857651,304.93041444646576,304.93041444646576,Temperate
HT_NY_East_Moriches,East Moriches,NY,40.809848,-72.7553916,42.1657,-74.9481,1,"East Moriches, NY",Northeast,5.0,4240.247295976478,106.14640051380857,106.14640051380857,Temperate
HT_NY_East_Syracuse,East Syracuse,NY,43.0653446,-76.0785332,42.1657,-74.9481,1,"East Syracuse, NY",Northeast,138.0,3925.9069709491696,312.80824318445826,312.80824318445826,Temperate
HT_MA_Easthampton,Easthampton,MA,42.2708804,-72.6719579,42.2352,-71.0275,1,"Easthampton, MA",Northeast,61.0,4215.460341975627,205.79673142611836,205.79673142611836,Temperate
HT_MI_Eaton_Rapids,Eaton Rapids,MI,42.5092039,-84.655814,43.3266,-84.5361,1,"Eaton Rapids, MI",Midwest,265.0,3233.425868642552,909.1738062012463,909.1738062012463,Temperate
HT_MN_Eden_Prairie,Eden Prairie,MN,44.8546856,-93.470786,45.6945,-93.9196,1,"Eden Prairie, MN",Midwest,274.0,2532.5791725915283,1653.2536368690076,1653.2536368690076,Temperate
HT_MN_Edina,Edina,MN,44.8897027,-93.3501222,45.6945,-93.9196,2,"Edina, MN",Midwest,280.0,2542.558417172413,1644.4866115763239,1644.4866115763239,Temperate
HT_OK_Edmond,Edmond,OK,35.6571367,-97.4649038,35.5653,-96.9289,2,"Edmond, OK",South,379.0,2235.1528646901047,2123.3133856691475,682.7554221788423,Subtropical
HT_CA_El_Cerrito,El Cerrito,CA,37.9154056,-122.301411,36.1162,-119.6816,1,"El Cerrito, CA",West,52.0,18.736572477436926,4124.057816210717,18.736572477436926,Subtropical
HT_IN_Elkhart,Elkhart,IN,41.6012796,-85.8590603,39.8494,-86.2604,1,"Elkhart, IN",Midwest,239.0,3141.0594269653434,998.9707056746726,998.9707056746726,Temperate
HT_WV_Elkins,Elkins,WV,38.925927,-79.8466552,38.4912,-82.9007,1,"Elkins, WV",South,591.0,3689.4199726326624,537.8460350341012,537.8460350341012,Subtropical
HT_MD_Ellicott_City,Ellicott City,MD,39.2757359,-76.8317417,39.0639,-76.8021,1,"Ellicott City, MD",South,112.0,3936.361755740448,289.27858507478203,289.27858507478203,Subtropical
HT_MN_Elysian,Elysian,MN,44.1988205,-93.6733978,45.6945,-93.9196,1,"Elysian, MN",Midwest,318.0,2507.4323954635174,1659.0826451417868,1609.36136493563,Temperate
HT_CA_Encinitas,Encinitas,CA,33.0369867,-117.2919818,36.1162,-119.6816,1,"Encinitas, CA",West,24.0,702.0570193160951,3911.0666675655416,702.0570193160951,Tropical/Subtropical
HT_CT_Enfield,Enfield,CT,41.9767721,-72.5917113,41.5978,-72.7554,1,"Enfield, CT",Northeast,49.0,4227.96129684,183.61618959077504,183.61618959077504,Temperate
HT_CO_Erie,Erie,CO,40.0502623,-105.049981,39.0598,-105.3111,1,"Erie, CO",West,1535.0,1524.9841392791704,2623.389716216907,1442.2368764228388,Montane
HT_PA_Erie,Erie,PA,42.1294712,-80.0852695,40.5908,-77.2098,1,"Erie, PA",Northeast,203.0,3612.412204971183,531.8681972392948,531.8681972392948,Temperate
HT_CA_Escondido,Escondido,CA,33.1216751,-117.0814849,36.1162,-119.6816,1,"Escondido, CA",West,197.0,707.8171588364527,3889.2840577679162,707.8171588364527,Tropical/Subtropical
HT_OR_Eugene,Eugene,OR,44.0505054,-123.0950506,43.8041,-120.5542,2,"Eugene, OR",West,132.0,699.2340492902765,3999.620517346756,399.62389658561585,Temperate
HT_IL_Evanston,Evanston,IL,42.0470043,-87.6846053,40.3495,-88.9861,1,"Evanston, IL",Midwest,185.0,2986.6468512326674,1152.5068893007572,1152.5068893007572,Temperate
HT_IN_Evansville,Evansville,IN,37.970495,-87.5715641,39.8494,-86.2604,1,"Evansville, IN",Midwest,121.0,3047.929810796893,1207.0527131096437,1160.8775485241872,Subtropical
HT_WI_Evansville,Evansville,WI,42.7803486,-89.2992249,44.2685,-89.6165,1,"Evansville, WI",Midwest,281.0,2851.9209921092174,1290.7475874603083,1290.7475874603083,Temperate
HT_CO_Evergreen,Evergreen,CO,39.6361637,-105.321458,39.0598,-105.3111,1,"Evergreen, CO",West,2204.0,1499.1984382311277,2655.857084384653,1423.3562445373336,Montane
HT_MO_Fairfax,Fairfax,MO,40.338988,-95.3938864,38.4561,-92.2884,1,"Fairfax, MO",South,275.0,2347.268512253667,1808.2966027495956,1173.6179503985804,Temperate
HT_CO_Fairplay,Fairplay,CO,39.2251888,-106.0019519,39.0598,-105.3111,1,"Fairplay, CO",West,3034.0,1439.1528563611982,2723.3613750015793,1431.7450609558564,Alpine
HT_ME_Falmouth,Falmouth,ME,43.7219859,-70.2327055,44.6939,-69.3819,1,"Falmouth, ME",Northeast,14.0,4383.126954394618,456.83426555982,456.83426555982,Temperate
HT_NM_Farmington,Farmington,NM,36.7291152,-108.205445,34.8405,-106.2371,1,"Farmington, NM",West,1622.0,1265.1181690482308,2987.688924966538,1265.1181690482308,Montane
HT_MI_Farmington_Hills,Farmington Hills,MI,42.4853125,-83.3771553,43.3266,-84.5361,1,"Farmington Hills, MI",Midwest,255.0,3338.471033750619,805.2091708969713,805.2091708969713,Temperate
HT_NC_Fayetteville,Fayetteville,NC,35.0525759,-78.878292,35.6301,-79.8064,1,"Fayetteville, NC",South,35.0,3881.706807152786,760.2367153589246,760.2367153589246,Subtropical
HT_WV_Fayetteville,Fayetteville,WV,38.0531294,-81.1039858,38.4912,-82.9007,1,"Fayetteville, WV",South,553.0,3602.556892010049,678.8104930580674,678.8104930580674,Subtropical
HT_IN_Fishers,Fishers,IN,39.9555928,-86.0138729,39.8494,-86.2604,1,"Fishers, IN",Midwest,251.0,3147.002012046611,1023.035632761034,1023.035632761034,Subtropical
HT_AZ_Flagstaff,Flagstaff,AZ,35.1987522,-111.651822,33.7298,-111.4312,1,"Flagstaff, AZ",West,2107.0,1005.6130250524469,3338.3602792458105,1005.6130250524469,Montane
HT_MS_Florence,Florence,MS,32.1534836,-90.1311971,32.7416,-89.6787,1,"Florence, MS",South,98.0,2998.3665758495777,1725.5848781480443,566.3971108713927,Tropical/Subtropical
HT_CA_Folsom,Folsom,CA,38.6779591,-121.176058,36.1162,-119.6816,1,"Folsom, CA",West,66.0,147.985542960669,4003.2231623133334,147.985542960669,Subtropical
HT_WI_Fond_du_Lac,Fond du Lac,WI,43.7533414,-88.4493796,44.2685,-89.6165,1,"Fond du Lac, WI",Midwest,241.0,2922.1716414298057,1237.3359610719697,1237.3359610719697,Temperate
HT_VA_Forest,Forest,VA,37.366635,-79.2742569,37.7693,-78.1694,1,"Forest, VA",South,247.0,3777.156810447551,588.0502778843994,588.0502778843994,Subtropical
HT_CO_Fort_Collins,Fort Collins,CO,40.5871782,-105.0770113,39.0598,-105.3111,1,"Fort Collins, CO",West,1523.0,1527.9647931443617,2614.1025665869684,1489.407134930027,Montane
HT_FL_Fort_Lauderdale,Fort Lauderdale,FL,26.1223084,-80.1433786,27.9947,-81.7603,2,"Fort Lauderdale, FL",South,20.0,4161.144935453856,1714.8070573170353,1550.4084126173989,Tropical/Subtropical
HT_IN_Fort_Wayne,Fort Wayne,IN,41.0799898,-85.1386015,39.8494,-86.2604,3,"Fort Wayne, IN",Midwest,240.0,3206.3064438831025,938.3560592450272,938.3560592450272,Temperate
HT_TX_Fort_Worth,Fort Worth,TX,32.753177,-97.3327459,31.9686,-99.9018,1,"Fort Worth, TX",South,201.0,2341.9785634308623,2254.1575554125343,380.8460564714287,Tropical/Subtropical
HT_MA_Foxborough,Foxborough,MA,42.0653768,-71.2478308,42.2352,-71.0275,1,"Foxborough, MA",Northeast,68.0,4335.330680216496,275.26440276700873,275.26440276700873,Temperate
HT_NH_Franconia,Franconia,NH,44.2273919,-71.7478468,43.4525,-71.3384,1,"Franconia, NH",Northeast,288.0,4254.202933477312,432.2803876102672,432.2803876102672,Temperate
HT_NJ_Franklin_Lakes,Franklin Lakes,NJ,41.0167639,-74.2057012,40.2206,-74.7597,1,"Franklin Lakes, NJ",Northeast,125.0,4115.944663685251,37.72127319983601,37.72127319983601,Temperate
HT_MD_Frederick,Frederick,MD,39.415779,-77.4127562,39.0639,-76.8021,2,"Frederick, MD",South,92.0,3884.1231601891436,324.3337131329382,324.3337131329382,Subtropical
HT_VA_Fredericksburg,Fredericksburg,VA,38.3031837,-77.4605399,37.7693,-78.1694,1,"Fredericksburg, VA",South,20.0,3907.3093840030624,399.7386047411554,399.7386047411554,Subtropical
HT_OH_Fremont,Fremont,OH,41.3473413,-83.1134972,40.3888,-82.7649,1,"Fremont, OH",Midwest,179.0,3372.0235793221673,768.7882974444477,768.7882974444477,Temperate
HT_CO_Frisco,Frisco,CO,39.5768577,-106.092828,39.0598,-105.3111,2,"Frisco, CO",West,2759.0,1432.7176959106805,2721.899649154228,1432.7176959106805,Montane
HT_KY_Ft._Mitchell,Ft. Mitchell,KY,39.0595047,-84.5474432,37.6681,-84.6701,1,"Ft. Mitchell, KY",South,268.0,3286.511311315207,919.5558301662542,919.5558301662542,Subtropical
HT_AL_Gadsden,Gadsden,AL,34.0128323,-86.0030251,32.8067,-86.7113,1,"Gadsden, AL",South,168.0,3293.349791620661,1295.1312646677773,1003.1919349152906,Tropical/Subtropical
HT_NJ_Garfield,Garfield,NJ,40.8814882,-74.113198,40.2206,-74.7597,1,"Garfield, NJ",Northeast,9.0,4126.529366837298,20.802922113473276,20.802922113473276,Temperate
HT_WI_Germantown,Germantown,WI,43.2286174,-88.1103691,44.2685,-89.6165,1,"Germantown, WI",Midwest,265.0,2948.868330945083,1200.423845474413,1200.423845474413,Temperate
HT_WA_Gig_Harbor,Gig Harbor,WA,47.3259697,-122.5878659,47.4009,-121.4905,2,"Gig Harbor, WA",West,67.0,1061.0626605874604,3898.609910671483,36.640346802814165,Cold Temperate
HT_CT_Glastonbury,Glastonbury,CT,41.7123218,-72.608146,41.5978,-72.7554,1,"Glastonbury, CT",Northeast,18.0,4232.180105496646,161.44203271712834,161.44203271712834,Temperate
HT_IL_Glen_Ellyn,Glen Ellyn,IL,41.8775293,-88.0670118,40.3495,-88.9861,1,"Glen Ellyn, IL",Midwest,231.0,2955.835932597548,1183.4645290674493,1183.4645290674493,Temperate
HT_ME_Glenburn,Glenburn,ME,44.9107194,-68.8471365,44.6939,-69.3819,1,"Glenburn, ME",Northeast,57.0,4470.343501559964,628.6246733687434,628.6246733687434,Temperate
HT_AZ_Glendale,Glendale,AZ,33.5386858,-112.185994,33.7298,-111.4312,2,"Glendale, AZ",West,349.0,1038.19512640395,3456.230886545994,1038.19512640395,Tropical/Subtropical
HT_GA_Glennville,Glennville,GA,31.9365917,-81.9284501,33.0406,-83.6431,1,"Glennville, GA",South,57.0,3729.5165096158694,1204.8128309188946,1204.8128309188946,Tropical/Subtropical
HT_NY_Glens_Falls,Glens Falls,NY,43.309941,-73.644447,42.1657,-74.9481,1,"Glens Falls, NY",Northeast,108.0,4118.074983611093,290.02322667256817,290.02322667256817,Temperate
HT_NJ_Glenwood,Glenwood,NJ,41.2512059,-74.4896028,40.2206,-74.7597,1,"Glenwood, NJ",Northeast,181.0,4087.5820661969406,72.32870224930552,72.32870224930552,Temperate
HT_NE_Gordon,Gordon,NE,42.8048523,-102.2031673,41.4925,-99.9018,1,"Gordon, NE",Midwest,1084.0,1802.2458325418309,2345.42629566544,1570.8842602512254,Temperate
HT_MA_Grafton,Grafton,MA,42.2063399,-71.6853877,42.2352,-71.0275,1,"Grafton, MA",Northeast,146.0,4296.817738943732,255.13960061929922,255.13960061929922,Temperate
HT_CO_Granby,Granby,CO,40.0860969,-105.939459,39.0598,-105.3111,2,"Granby, CO",West,2435.0,1449.6388092860411,2696.8362913306346,1449.6388092860411,Montane
HT_MI_Grand_Haven,Grand Haven,MI,43.0630734,-86.2283864,43.3266,-84.5361,1,"Grand Haven, MI",Midwest,184.0,3102.180842779218,1046.391392996147,1046.391392996147,Temperate
HT_MI_Grand_Rapids,Grand Rapids,MI,42.9632425,-85.6678639,43.3266,-84.5361,3,"Grand Rapids, MI",Midwest,202.0,3148.199576939303,999.4440672821987,999.4440672821987,Temperate
HT_MN_Grant,Grant,MN,45.9358795,-96.0272071,45.6945,-93.9196,1,"Grant, MN",Midwest,350.0,2357.6879496304905,1870.9285227149928,1796.3198397856552,Cold Temperate
HT_WI_Green_Bay,Green Bay,WI,44.5126379,-88.0125794,44.2685,-89.6165,1,"Green Bay, WI",Midwest,181.0,2959.995827388209,1222.3855422737988,1222.3855422737988,Temperate
HT_NJ_Green_Brook,Green Brook,NJ,40.6256703,-74.4213433,40.2206,-74.7597,1,"Green Brook, NJ",Northeast,36.0,4106.704391338882,36.427513719297124,36.427513719297124,Temperate
HT_NC_Greensboro,Greensboro,NC,36.0726355,-79.7919754,35.6301,-79.8064,1,"Greensboro, NC",South,258.0,3769.7935483913434,721.3332434824861,721.3332434824861,Subtropical
HT_SC_Greenwood,Greenwood,SC,34.1489805,-82.112882,34.0007,-81.1637,1,"Greenwood, SC",South,165.0,3630.0480857474363,1021.5945059413755,1021.5945059413755,Tropical/Subtropical
HT_MS_Gulfport,Gulfport,MS,30.3674198,-89.0928155,32.7416,-89.6787,1,"Gulfport, MS",South,15.0,3165.7380759146035,1781.2191470675173,608.9023049893025,Tropical/Subtropical
HT_NJ_Hackettstown,Hackettstown,NJ,40.8538589,-74.8292553,40.2206,-74.7597,1,"Hackettstown, NJ",Northeast,176.0,4067.929162032714,71.23442021081534,71.23442021081534,Temperate
HT_HI_Haiku,Haiku,HI,20.9143904,-156.32296,21.489,-157.9629,1,"Haiku, HI",Alaska/Hawaii,158.0,3755.2197238953963,7894.3617550418285,3755.2197238953963,Tropical/Subtropical
HT_NH_Hampton_Falls,Hampton Falls,NH,42.9164147,-70.8646837,43.4525,-71.3384,1,"Hampton Falls, NH",Northeast,24.0,4348.42211541639,357.76712135783464,357.76712135783464,Temperate
HT_MI_Harbor_Springs,Harbor Springs,MI,45.431676,-84.991999,43.3266,-84.5361,1,"Harbor Springs, MI",Midwest,206.0,3202.170004144901,1035.6799529570171,1035.6799529570171,Cold Temperate
HT_PA_Harding,Harding,PA,41.3625794,-75.8101945,40.5908,-77.2098,1,"Harding, PA",Northeast,182.0,3976.572937506416,167.99234486817082,167.99234486817082,Temperate
HT_ME_Harpswell,Harpswell,ME,43.7995474,-69.9876715,44.6939,-69.3819,1,"Harpswell, ME",Northeast,44.0,4401.094895354865,476.8590168417414,476.8590168417414,Temperate
HT_PA_Harrisburg,Harrisburg,PA,40.2663107,-76.8861122,40.5908,-77.2098,1,"Harrisburg, PA",Northeast,105.0,3909.487853936456,249.14869512500485,249.14869512500485,Temperate
HT_MI_Hart,Hart,MI,43.698341,-86.363965,43.3266,-84.5361,1,"Hart, MI",Midwest,211.0,3090.1295893325837,1071.8600917942842,1071.8600917942842,Temperate
HT_PA_Havertown,Havertown,PA,39.9809452,-75.3085201,40.5908,-77.2098,1,"Havertown, PA",Northeast,90.0,4047.5798504963304,137.29381621625348,137.29381621625348,Subtropical
HT_MA_Haverhill,Haverhill,MA,42.7777829,-71.0767724,42.2352,-71.0275,1,"Haverhill, MA",Northeast,38.0,4334.179034797658,334.5790920212554,334.5790920212554,Temperate
HT_VA_Haymarket,Haymarket,VA,38.8121398,-77.6368038,37.7693,-78.1694,1,"Haymarket, VA",South,110.0,3879.527259209244,375.88413732322306,375.88413732322306,Subtropical
HT_CA_Hayward,Hayward,CA,37.6688205,-122.080796,36.1162,-119.6816,1,"Hayward, CA",West,36.0,32.090318011228135,4115.157252313101,32.090318011228135,Subtropical
HT_NV_Henderson_,Henderson ,NV,36.0319602,-114.9822716,38.8026,-116.4194,1,"Henderson , NV",West,598.0,690.2458130063062,3585.4348617540263,690.2458130063062,Subtropical
HT_VA_Herndon,Herndon,VA,38.9695316,-77.3859479,37.7693,-78.1694,1,"Herndon, VA",South,108.0,3896.930505844957,348.03157319209726,348.03157319209726,Subtropical
HT_PA_Hershey,Hershey,PA,40.2850285,-76.6534662,40.5908,-77.2098,2,"Hershey, PA",Northeast,127.0,3928.5095337373928,229.38556362283694,229.38556362283694,Temperate
HT_TX_Highland_Village,Highland Village,TX,33.091788,-97.0466759,31.9686,-99.9018,1,"Highland Village, TX",South,174.0,2353.9796102889313,2212.4080308113153,402.2937435200596,Tropical/Subtropical
HT_NM_Hobbs,Hobbs,NM,32.7027017,-103.1355302,34.8405,-106.2371,1,"Hobbs, NM",West,1106.0,1839.2463970608435,2735.341012875175,808.2939654844114,Tropical/Subtropical
HT_AL_Homewood,Homewood,AL,33.4737098,-86.8084509,32.8067,-86.7113,1,"Homewood, AL",South,218.0,3241.3066830486564,1390.7642456363403,910.2620882377561,Tropical/Subtropical
HT_HI_Honolulu,Honolulu,HI,21.304547,-157.855676,21.489,-157.9629,1,"Honolulu, HI",Alaska/Hawaii,11.0,3856.9348588954945,7994.706210593144,3856.9348588954945,Tropical/Subtropical
HT_VA_Hopewell,Hopewell,VA,37.3043154,-77.2872001,37.7693,-78.1694,1,"Hopewell, VA",South,15.0,3949.32817517839,473.1549181663805,473.1549181663805,Subtropical
HT_NY_Hopewell_Junction,Hopewell Junction,NY,41.5810881,-73.8106688,42.1657,-74.9481,1,"Hopewell Junction, NY",Northeast,79.0,4136.544430385621,97.81343535169218,97.81343535169218,Temperate
HT_TX_Houston,Houston,TX,29.7589382,-95.3676974,31.9686,-99.9018,4,"Houston, TX",South,2.0,2647.6069158064392,2283.4777773551505,0.2600217281921076,Tropical/Subtropical
HT_IN_Huntington,Huntington,IN,40.8008286,-85.5018494,39.8494,-86.2604,1,"Huntington, IN",Midwest,247.0,3179.105655548597,970.1050820057704,970.1050820057704,Temperate
HT_CA_Huntington_Beach,Huntington Beach,CA,33.6783336,-118.000016,36.1162,-119.6816,1,"Huntington Beach, CA",West,23.0,605.2009395499186,3940.91126135186,605.2009395499186,Tropical/Subtropical
HT_MD_Huntingtown,Huntingtown,MD,38.6129305,-76.6175276,39.0639,-76.8021,1,"Huntingtown, MD",South,52.0,3970.8830899239274,323.35281974339756,323.35281974339756,Subtropical
HT_AL_Huntsville,Huntsville,AL,34.729847,-86.5859011,32.8067,-86.7113,1,"Huntsville, AL",South,194.0,3218.5400739518927,1290.7638356553498,993.7845531679785,Tropical/Subtropical
HT_IN_Indianapolis,Indianapolis,IN,39.7683331,-86.1583502,39.8494,-86.2604,1,"Indianapolis, IN",Midwest,247.0,3137.486012517444,1038.5460832101612,1038.5460832101612,Subtropical
"HT_IN_Indianapolis,_Ind._","Indianapolis, Ind. ",IN,39.7683331,-86.1583502,39.8494,-86.2604,1,"Indianapolis, Ind. , IN",Midwest,247.0,3137.486012517444,1038.5460832101612,1038.5460832101612,Subtropical
HT_CA_Inglewood,Inglewood,CA,33.9562003,-118.353132,36.1162,-119.6816,1,"Inglewood, CA",West,40.0,560.5851898446871,3957.9990379136716,560.5851898446871,Tropical/Subtropical
HT_SC_Irmo,Irmo,SC,34.0884689,-81.1802101,34.0007,-81.1637,1,"Irmo, SC",South,103.0,3713.8341729049284,970.8751471623608,970.8751471623608,Tropical/Subtropical
HT_CA_Irvine,Irvine,CA,33.6856969,-117.825981,36.1162,-119.6816,1,"Irvine, CA",West,21.0,615.0869933893322,3925.8864730746445,615.0869933893322,Tropical/Subtropical
HT_PA_Irwin,Irwin,PA,40.3301738,-79.7093339,40.5908,-77.2098,1,"Irwin, PA",Northeast,299.0,3672.083413864631,485.0818104190944,485.0818104190944,Temperate
HT_FL_Jacksonville,Jacksonville,FL,30.3262247,-81.6579179,27.9947,-81.7603,2,"Jacksonville, FL",South,10.0,3821.7891837403085,1343.9488858020168,1323.1160869218363,Tropical/Subtropical
HT_NY_Jamestown,Jamestown,NY,42.0965167,-79.2380322,42.1657,-74.9481,1,"Jamestown, NY",Northeast,428.0,3682.409062926968,463.6047206953752,463.6047206953752,Temperate
HT_OH_Jamestown,Jamestown,OH,39.6581163,-83.7349236,40.3888,-82.7649,1,"Jamestown, OH",Midwest,322.0,3344.8672623755174,836.3265044037471,836.3265044037471,Subtropical
HT_IN_Jeffersonville,Jeffersonville,IN,38.2770227,-85.7371604,39.8494,-86.2604,1,"Jeffersonville, IN",Midwest,140.0,3199.836471402247,1043.805387295427,1043.805387295427,Subtropical
HT_NJ_Jersey_City,Jersey City,NJ,40.7215682,-74.047455,40.2206,-74.7597,1,"Jersey City, NJ",Northeast,4.0,4135.518214057957,3.6355079399260757,3.6355079399260757,Temperate
HT_MN_Jordan,Jordan,MN,44.6663146,-93.6261918,45.6945,-93.9196,1,"Jordan, MN",Midwest,235.0,2517.560921118069,1662.1804321195327,1661.4207437269163,Temperate
HT_AK_Juneau,Juneau,AK,58.3019613,-134.4196751,64.0685,-152.2782,2,"Juneau, AK",Alaska/Hawaii,10.0,2442.901437877976,4600.51879628357,1436.3557894780765,Cold Temperate
HT_KS_Kansas_City,Kansas City,KS,39.1134562,-94.626497,38.5266,-96.7265,1,"Kansas City, KS",Midwest,274.0,2421.4046507408925,1767.9115456339991,1039.7804981172128,Subtropical
HT_TX_Katy,Katy,TX,29.7857853,-95.8243956,31.9686,-99.9018,1,"Katy, TX",South,47.0,2606.868093296655,2316.618997061927,44.05161610853733,Tropical/Subtropical
HT_WI_Kaukauna,Kaukauna,WI,44.2780432,-88.2720503,44.2685,-89.6165,1,"Kaukauna, WI",Midwest,201.0,2938.239596973188,1235.8611037315277,1235.8611037315277,Temperate
HT_WA_Kent,Kent,WA,47.3826903,-122.2270272,47.4009,-121.4905,1,"Kent, WA",West,20.0,1067.395119040111,3870.770138640304,26.080703210017674,Cold Temperate
HT_TX_Kerrville,Kerrville,TX,30.048469,-99.1399464,31.9686,-99.9018,1,"Kerrville, TX",South,501.0,2309.28215304882,2559.1272387197896,365.49595997587704,Tropical/Subtropical
HT_MN_Kimball,Kimball,MN,45.3124811,-94.300266,45.6945,-93.9196,1,"Kimball, MN",Midwest,347.0,2475.882270232442,1726.181607943327,1726.181607943327,Cold Temperate
HT_MI_Kingsford,Kingsford,MI,45.794956,-88.072071,43.3266,-84.5361,1,"Kingsford, MI",Midwest,332.0,2964.9173886163717,1271.714813524197,1271.714813524197,Cold Temperate
HT_TN_Kingsport,Kingsport,TN,36.550238,-82.5594293,35.7478,-86.6923,1,"Kingsport, TN",South,375.0,3516.0610764844955,875.8432853117324,875.8432853117324,Subtropical
HT_FL_Kissimmee,Kissimmee,FL,28.2918995,-81.4075838,27.9947,-81.7603,2,"Kissimmee, FL",South,25.0,3938.9978438382473,1534.936769137198,1368.9633442764919,Tropical/Subtropical
HT_IN_Kokomo,Kokomo,IN,40.4864444,-86.1336351,39.8494,-86.2604,1,"Kokomo, IN",Midwest,247.0,3129.7893122914793,1026.0025640438284,1026.0025640438284,Temperate
HT_IL_La_Grange,La Grange,IL,41.81483,-87.8735662,40.3495,-88.9861,1,"La Grange, IL",Midwest,200.0,2972.2209294417885,1167.2231482310222,1167.2231482310222,Temperate
HT_WI_LaCrosse,LaCrosse,WI,43.435153,-89.7295833,44.2685,-89.6165,1,"LaCrosse, WI",Midwest,301.0,2817.904561479946,1333.669986927669,1333.669986927669,Temperate
HT_MN_Lake_Elmo,Lake Elmo,MN,45.0021685,-92.8801862,45.6945,-93.9196,1,"Lake Elmo, MN",Midwest,280.0,2580.99823252252,1610.15541136613,1610.15541136613,Cold Temperate
HT_IN_Lake_Station,Lake Station,IN,41.5750369,-87.2389246,39.8494,-86.2604,1,"Lake Station, IN",Midwest,193.0,3026.5072375305713,1113.9462750826638,1113.9462750826638,Temperate
HT_WA_Lake_Stevens,Lake Stevens,WA,48.0197794,-122.0660914,47.4009,-121.4905,1,"Lake Stevens, WA",West,89.0,1138.4759528619543,3850.6397706244666,50.11465540844283,Cold Temperate
HT_IL_Lake_Villa,Lake Villa,IL,42.4169651,-88.0739708,40.3495,-88.9861,1,"Lake Villa, IL",Midwest,243.0,2953.0402359448653,1187.1863335193507,1187.1863335193507,Temperate
HT_FL_Lake_Wales,Lake Wales,FL,27.9014133,-81.5859099,27.9947,-81.7603,1,"Lake Wales, FL",South,47.0,3942.6365373540507,1581.593250668447,1360.0933835720027,Tropical/Subtropical
HT_FL_Lakeland,Lakeland,FL,28.0394654,-81.9498042,27.9947,-81.7603,1,"Lakeland, FL",South,63.0,3903.777016210823,1582.6429181470417,1321.924259123874,Tropical/Subtropical
HT_MN_Lakeville,Lakeville,MN,44.650051,-93.2432791,45.6945,-93.9196,2,"Lakeville, MN",Midwest,297.0,2547.4441826009643,1631.8823232493103,1631.8823232493103,Temperate
HT_CO_Lakewood,Lakewood,CO,39.7085736,-105.0846694,39.0598,-105.3111,2,"Lakewood, CO",West,1692.0,1519.851055110958,2634.273494958883,1415.6502030344923,Montane
HT_NY_Lancaster,Lancaster,NY,42.9076585,-78.6178677,42.1657,-74.9481,1,"Lancaster, NY",Northeast,221.0,3722.4175027687206,454.0908178070481,454.0908178070481,Temperate
HT_NM_Las_Cruces,Las Cruces,NM,32.3140354,-106.779807,34.8405,-106.2371,1,"Las Cruces, NM",West,1186.0,1547.6363133239934,3059.658362131871,1124.8269284873465,Tropical/Subtropical
HT_NV_Las_Vegas,Las Vegas,NV,36.1674263,-115.1484131,38.8026,-116.4194,2,"Las Vegas, NV",West,620.0,671.3670128625145,3594.0544458457803,671.3670128625145,Subtropical
HT_PA_Latrobe,Latrobe,PA,40.317287,-79.3840301,40.5908,-77.2098,1,"Latrobe, PA",Northeast,308.0,3699.5740823506558,457.819708857368,457.819708857368,Temperate
HT_PA_Lebanon,Lebanon,PA,40.375713,-76.4626118,40.5908,-77.2098,1,"Lebanon, PA",Northeast,170.0,3942.494852597483,211.43665061218562,211.43665061218562,Temperate
HT_MO_Leeton,Leeton,MO,38.5830717,-93.694658,38.4561,-92.2884,1,"Leeton, MO",South,291.0,2508.148190997445,1702.686291605879,990.7211946736523,Subtropical
HT_CA_Lemoore,Lemoore,CA,36.3006495,-119.7827122,36.1162,-119.6816,1,"Lemoore, CA",West,70.0,285.9792798903639,3977.53136678979,285.9792798903639,Subtropical
HT_CA_Lemore,Lemore,CA,31.4607163,-97.1775192,36.1162,-119.6816,1,"Lemore, CA",West,176.0,2410.0028118498776,2315.9989831430034,256.0769817058124,Tropical/Subtropical
HT_MA_Leominster,Leominster,MA,42.5267443,-71.7614891,42.2352,-71.0275,1,"Leominster, MA",Northeast,124.0,4284.053516153045,274.8992526111336,274.8992526111336,Temperate
HT_IL_Lincolnshire,Lincolnshire,IL,42.1900249,-87.9084039,40.3495,-88.9861,1,"Lincolnshire, IL",Midwest,207.0,2967.503858617645,1171.846116587653,1171.846116587653,Temperate
HT_ME_Lisbon_Falls,Lisbon Falls,ME,43.9960732,-70.0608898,44.6939,-69.3819,1,"Lisbon Falls, ME",Northeast,33.0,4391.60715760611,488.4042943288124,488.4042943288124,Temperate
HT_AR_Little_Rock,Little Rock,AR,34.7465071,-92.2896267,34.9697,-92.3731,2,"Little Rock, AR",South,104.0,2716.576092662104,1738.233874750832,624.372452399552,Tropical/Subtropical
HT_CO_Littleton,Littleton,CO,39.613321,-105.016649,39.0598,-105.3111,2,"Littleton, CO",West,1638.0,1525.2453204437834,2630.889845200745,1403.8752012374616,Montane
HT_NJ_Livingston,Livingston,NJ,40.7959335,-74.3148713,40.2206,-74.7597,1,"Livingston, NJ",Northeast,103.0,4111.740980523276,27.668741457309224,27.668741457309224,Temperate
HT_CA_Long_Beach,Long Beach,CA,33.7690164,-118.191604,36.1162,-119.6816,1,"Long Beach, CA",West,13.0,586.1099872559497,3952.913468356502,586.1099872559497,Tropical/Subtropical
HT_NY_Long_Island,Long Island,NY,40.8514971,-73.0994297,42.1657,-74.9481,1,"Long Island, NY",Northeast,40.0,4210.900858975024,78.05927984100876,78.05927984100876,Temperate
HT_CA_Los_Angeles,Los Angeles,CA,34.0536909,-118.242766,36.1162,-119.6816,4,"Los Angeles, CA",West,102.0,558.9746463259494,3944.2761106051007,558.9746463259494,Tropical/Subtropical
HT_CA_Los_Gatos,Los Gatos,CA,37.226611,-121.9746797,36.1162,-119.6816,1,"Los Gatos, CA",West,103.0,72.45303229106645,4123.450284952807,72.45303229106645,Subtropical
HT_KY_Louisville,Louisville,KY,38.2542376,-85.759407,37.6681,-84.6701,1,"Louisville, KY",South,154.0,3198.3881605861793,1046.4617984968552,1046.4617984968552,Subtropical
HT_MI_Lowell,Lowell,MI,42.933601,-85.3418551,43.3266,-84.5361,1,"Lowell, MI",Midwest,194.0,3174.91108776108,972.6894767788124,972.6894767788124,Temperate
HT_GA_Macon,Macon,GA,32.8406946,-83.6324022,33.0406,-83.6431,1,"Macon, GA",South,117.0,3544.091732597681,1223.901925083883,1167.6887019778446,Tropical/Subtropical
HT_CT_Madison,Madison,CT,41.2794282,-72.5983151,41.5978,-72.7554,1,"Madison, CT",Northeast,9.0,4242.442224287055,134.118330629275,134.118330629275,Temperate
HT_CA_Malibu,Malibu,CA,34.035591,-118.689423,36.1162,-119.6816,1,"Malibu, CA",West,8.0,534.2299766094915,3982.751921776224,534.2299766094915,Tropical/Subtropical
HT_VA_Manassas,Manassas,VA,38.7509488,-77.4752667,37.7693,-78.1694,1,"Manassas, VA",South,93.0,3894.7197746503793,368.59437182304094,368.59437182304094,Subtropical
HT_ME_Manchester,Manchester,ME,44.324513,-69.8603256,44.6939,-69.3819,1,"Manchester, ME",Northeast,64.0,4401.440669780006,526.17409158842,526.17409158842,Temperate
HT_NH_Manchester,Manchester,NH,42.9956397,-71.4547891,43.4525,-71.3384,1,"Manchester, NH",Northeast,78.0,4299.472494566459,330.37582589481957,330.37582589481957,Temperate
HT_WA_Maple_Valley,Maple Valley,WA,47.3664231,-122.0437127,47.4009,-121.4905,1,"Maple Valley, WA",West,154.0,1065.9134179470689,3857.252559220031,34.3951661855582,Cold Temperate
HT_MA_Marblehead,Marblehead,MA,42.500096,-70.8578253,42.2352,-71.0275,1,"Marblehead, MA",Northeast,15.0,4357.57176915316,329.01057292377163,329.01057292377163,Temperate
HT_AZ_Maricopa,Maricopa,AZ,33.34883,-112.49123,33.7298,-111.4312,1,"Maricopa, AZ",West,267.0,1024.500859000564,3490.812687033963,1024.500859000564,Tropical/Subtropical
HT_GA_Marietta,Marietta,GA,33.9528472,-84.5496148,33.0406,-83.6431,2,"Marietta, GA",South,348.0,3423.1044002503772,1196.7784763614536,1123.7656639044799,Tropical/Subtropical
HT_IL_Mascoutah,Mascoutah,IL,38.490327,-89.793154,40.3495,-88.9861,1,"Mascoutah, IL",Midwest,133.0,2846.516626203721,1376.2202731614607,1095.9492373055025,Subtropical
HT_NY_Massapequa,Massapequa,NY,40.669501,-73.4698253,42.1657,-74.9481,1,"Massapequa, NY",Northeast,2.0,4184.489021021362,45.575348763803134,45.575348763803134,Temperate
HT_AR_Mayflower,Mayflower,AR,34.9570325,-92.4273785,34.9697,-92.3731,1,"Mayflower, AR",South,90.0,2698.117718687272,1738.6703917290092,639.2736419813097,Tropical/Subtropical
HT_ID_McCammon,McCammon,ID,42.6504719,-112.193022,44.0682,-114.742,1,"McCammon, ID",West,1454.0,1024.048127022247,3159.750854645501,968.0565917032367,Temperate
HT_PA_McSherrystown,McSherrystown,PA,39.8038439,-77.019242,40.5908,-77.2098,1,"McSherrystown, PA",Northeast,171.0,3908.407667639094,275.47499421875375,275.47499421875375,Subtropical
HT_WA_Mead,Mead,WA,47.7782105,-117.3491954,47.4009,-121.4905,1,"Mead, WA",West,576.0,1185.508310003667,3501.4007979490725,374.48101305096964,Cold Temperate
HT_PA_Meadville,Meadville,PA,41.641445,-80.151449,40.5908,-77.2098,1,"Meadville, PA",Northeast,335.0,3613.6352695473006,525.7506747131647,525.7506747131647,Temperate
HT_PA_Mechanicsburg,Mechanicsburg,PA,40.2101972,-77.0047276,40.5908,-77.2098,1,"Mechanicsburg, PA",Northeast,142.0,3900.771344221221,260.37759497604634,260.37759497604634,Temperate
HT_TN_Memphis,Memphis,TN,35.1460249,-90.0517638,35.7478,-86.6923,1,"Memphis, TN",South,89.0,2901.4592165265212,1537.0312529443634,778.6307926512401,Subtropical
HT_CA_Menlo_Park,Menlo Park,CA,37.4519671,-122.177992,36.1162,-119.6816,1,"Menlo Park, CA",West,19.0,41.70069255431085,4131.551088062812,41.70069255431085,Subtropical
HT_CA_Merced,Merced,CA,37.1641544,-120.7678602,36.1162,-119.6816,1,"Merced, CA",West,28.0,161.05310198037748,4025.5529619354475,161.05310198037748,Subtropical
HT_FL_Merritt_Island,Merritt Island,FL,28.2662775,-80.6636984,27.9947,-81.7603,1,"Merritt Island, FL",South,8.0,4005.7058801014405,1508.862516975012,1441.2999156445399,Tropical/Subtropical
HT_TX_Mesquite,Mesquite,TX,32.7666103,-96.599472,31.9686,-99.9018,3,"Mesquite, TX",South,153.0,2405.7158238129396,2193.8678919212566,353.27789616353346,Tropical/Subtropical
HT_FL_Miami,Miami,FL,25.7741566,-80.1935973,27.9947,-81.7603,1,"Miami, FL",South,23.0,4175.405919035056,1753.0852404957823,1558.3657898479512,Tropical/Subtropical
HT_IN_Middlebury,Middlebury,IN,41.6750714,-85.7060263,39.8494,-86.2604,1,"Middlebury, IN",Midwest,251.0,3153.136957197862,986.5188975286175,986.5188975286175,Temperate
HT_HI_Mililani,Mililani,HI,21.4508308,-158.0095783,21.489,-157.9629,1,"Mililani, HI",Alaska/Hawaii,223.0,3860.2994883833567,7997.5316677896,3860.2994883833567,Tropical/Subtropical
HT_WI_Milton,Milton,WI,42.7753567,-88.9390017,44.2685,-89.6165,1,"Milton, WI",Midwest,267.0,2881.400996309377,1261.341356571961,1261.341356571961,Temperate
HT_WI_Milwaukee,Milwaukee,WI,43.0386475,-87.9090751,44.2685,-89.6165,1,"Milwaukee, WI",Midwest,189.0,2965.317711151944,1181.1785830483113,1181.1785830483113,Temperate
HT_MN_Minneapolis,Minneapolis,MN,44.9772995,-93.2654692,45.6945,-93.9196,3,"Minneapolis, MN",Midwest,267.0,2550.5218634452226,1639.5576915979987,1639.5576915979987,Temperate
HT_MT_Missoula,Missoula,MT,46.8701049,-113.995267,47.0527,-109.6333,1,"Missoula, MT",West,976.0,1224.321057166391,3253.4641943962592,636.208440335165,Cold Temperate
HT_CT_Monroe,Monroe,CT,41.3325962,-73.2073358,41.5978,-72.7554,1,"Monroe, CT",Northeast,202.0,4191.282131902542,96.17542138252038,96.17542138252038,Temperate
HT_WA_Monroe,Monroe,WA,47.8552259,-121.971335,47.4009,-121.4905,1,"Monroe, WA",West,20.0,1120.4110095368683,3845.56811577822,38.71653080125065,Cold Temperate
HT_AL_Morris,Morris,AL,33.747724,-86.8091343,32.8067,-86.7113,1,"Morris, AL",South,126.0,3231.595361076654,1371.9022736031177,923.2597083291355,Tropical/Subtropical
HT_MD_Mount_Airy,Mount Airy,MD,39.3765918,-77.1549078,39.0639,-76.8021,1,"Mount Airy, MD",South,231.0,3906.753382500663,306.9305905192099,306.9305905192099,Subtropical
HT_MD_Mt._Airy,Mt. Airy,MD,39.3765918,-77.1549078,39.0639,-76.8021,1,"Mt. Airy, MD",South,231.0,3906.753382500663,306.9305905192099,306.9305905192099,Subtropical
HT_IN_Muncie,Muncie,IN,40.1936892,-85.3865271,39.8494,-86.2604,1,"Muncie, IN",Midwest,291.0,3196.6896726241353,966.4119448246296,966.4119448246296,Temperate
HT_UT_Murray,Murray,UT,40.6667841,-111.888417,39.321,-111.0937,1,"Murray, UT",West,1315.0,963.6698220555824,3176.7763024567703,963.6698220555824,Temperate
HT_IL_Naperville,Naperville,IL,41.7728699,-88.1479278,40.3495,-88.9861,2,"Naperville, IL",Midwest,209.0,2949.6780718963496,1189.9264654382869,1189.9264654382869,Temperate
HT_IL_Nashville,Nashville,IL,38.3434906,-89.3809783,40.3495,-88.9861,1,"Nashville, IL",Midwest,157.0,2884.605831049514,1345.9760652736752,1100.3348633039536,Subtropical
HT_TN_Nashville,Nashville,TN,36.1622767,-86.7742984,35.7478,-86.6923,2,"Nashville, TN",South,130.0,3159.97432263558,1222.2916846604164,1071.4614520039788,Subtropical
HT_NE_Nebraska_City,Nebraska City,NE,40.676526,-95.858694,41.4925,-99.9018,1,"Nebraska City, NE",Midwest,321.0,2307.0808209954475,1842.2472701286747,1211.9091084525387,Temperate
HT_TX_New_Braunfels,New Braunfels,TX,29.7028266,-98.1257348,31.9686,-99.9018,1,"New Braunfels, TX",South,196.0,2413.758586656951,2500.9115701552378,266.6925236563918,Tropical/Subtropical
HT_NY_New_Hartford,New Hartford,NY,43.073108,-75.2879252,42.1657,-74.9481,1,"New Hartford, NY",Northeast,162.0,3989.603873050619,282.9159433696439,282.9159433696439,Temperate
HT_PA_New_Kensington,New Kensington,PA,40.5697893,-79.7647705,40.5908,-77.2098,1,"New Kensington, PA",Northeast,238.0,3663.06855364924,487.3038384281471,487.3038384281471,Temperate
HT_OK_Newcastle,Newcastle,OK,35.2472869,-97.59976,35.5653,-96.9289,1,"Newcastle, OK",South,368.0,2234.273890760976,2152.288038078241,643.4889148962205,Subtropical
HT_NH_Newmarket,Newmarket,NH,43.0796182,-70.9357843,43.4525,-71.3384,1,"Newmarket, NH",Northeast,16.0,4339.463177969044,366.03894411772086,366.03894411772086,Temperate
HT_NE_Norfolk,Norfolk,NE,42.0283379,-97.4169964,41.4925,-99.9018,1,"Norfolk, NE",Midwest,465.0,2181.270104773254,1957.9279816330247,1373.598539831414,Temperate
HT_NC_Norlina,Norlina,NC,36.4456097,-78.1982132,35.6301,-79.8064,1,"Norlina, NC",South,130.0,3896.2605984339557,598.0151253958088,598.0151253958088,Subtropical
HT_OK_Norman,Norman,OK,35.2225717,-97.4394816,35.5653,-96.9289,1,"Norman, OK",South,361.0,2249.0840294381496,2139.99905895394,636.1482287741635,Subtropical
HT_FL_North_Fort_Meyers,North Fort Meyers,FL,26.775362,-81.847277,27.9947,-81.7603,1,"North Fort Meyers, FL",South,7.0,3977.2678406175173,1706.3056281986296,1366.4711106971927,Tropical/Subtropical
HT_RI_North_Kingstown,North Kingstown,RI,41.5514283,-71.4693875,41.5801,-71.4774,1,"North Kingstown, RI",Northeast,4.0,4328.727263972036,232.45153071533355,232.45153071533355,Temperate
HT_IL_Northlake,Northlake,IL,41.9172526,-87.8956185,40.3495,-88.9861,1,"Northlake, IL",Midwest,199.0,2969.8372554810567,1169.3836274874443,1169.3836274874443,Temperate
HT_NY_Northport,Northport,NY,40.9009595,-73.343167,42.1657,-74.9481,1,"Northport, NY",Northeast,22.0,4189.665850509384,59.70554153423193,59.70554153423193,Temperate
HT_HI_Nānākuli,Nānākuli,HI,21.389147,-158.152313,21.489,-157.9629,1,"Nānākuli, HI",Alaska/Hawaii,8.0,3876.288312383831,8013.43230018226,3876.288312383831,Tropical/Subtropical
HT_HI_Oahu,Oahu,HI,21.4834365,-158.0364837,21.489,-157.9629,1,"Oahu, HI",Alaska/Hawaii,259.0,3860.4392146877112,7997.5514241333,3860.4392146877112,Tropical/Subtropical
HT_MI_Oak_Park,Oak Park,MI,42.4595317,-83.1821445,43.3266,-84.5361,1,"Oak Park, MI",Midwest,203.0,3354.6795050865285,788.9209681275747,788.9209681275747,Temperate
HT_CA_Oakland,Oakland,CA,37.8044557,-122.271356,36.1162,-119.6816,1,"Oakland, CA",West,18.0,13.446413916810673,4125.770738178217,13.446413916810673,Subtropical
HT_MI_Oakland_Township,Oakland Township,MI,42.7562531,-83.1553213,43.3266,-84.5361,1,"Oakland Township, MI",Midwest,287.0,3354.456489194714,793.8125892691593,793.8125892691593,Temperate
HT_FL_Ocala,Ocala,FL,29.1871986,-82.1400923,27.9947,-81.7603,1,"Ocala, FL",South,24.0,3831.4762186917756,1477.1972003701055,1284.0352927045478,Tropical/Subtropical
HT_CA_Oceanside,Oceanside,CA,33.1958696,-117.379483,36.1162,-119.6816,1,"Oceanside, CA",West,23.0,683.3374428224226,3910.9598418191454,683.3374428224226,Tropical/Subtropical
HT_WI_Oconomowoc,Oconomowoc,WI,43.1116731,-88.4992659,44.2685,-89.6165,1,"Oconomowoc, WI",Midwest,264.0,2917.226779216436,1229.8991380997065,1229.8991380997065,Temperate
HT_TX_Odem,Odem,TX,27.9503135,-97.5832437,31.9686,-99.9018,1,"Odem, TX",South,26.0,2556.5273175004136,2577.508403219436,294.76110016747805,Tropical/Subtropical
HT_UT_Ogden,Ogden,UT,41.2230048,-111.9738429,39.321,-111.0937,1,"Ogden, UT",West,1314.0,975.7866201844588,3170.7350156328253,975.7866201844588,Temperate
HT_WI_Ogema,Ogema,WI,45.4435776,-90.2982037,44.2685,-89.6165,1,"Ogema, WI",Midwest,479.0,2788.2593082820563,1423.8766173310391,1423.8766173310391,Cold Temperate
HT_OK_Oklahoma_City,Oklahoma City,OK,35.4729886,-97.5170536,35.5653,-96.9289,1,"Oklahoma City, OK",South,378.0,2235.3993921846554,2135.535847241125,664.7401502763037,Subtropical
HT_MD_Olney,Olney,MD,39.1532123,-77.0668408,39.0639,-76.8021,1,"Olney, MD",South,163.0,3919.4635985735017,313.7166750923829,313.7166750923829,Subtropical
HT_NE_Omaha,Omaha,NE,41.2587459,-95.9383758,41.4925,-99.9018,2,"Omaha, NE",Midwest,331.0,2300.547703451661,1841.7721430067957,1276.7884826120699,Temperate
HT_OR_Ontario,Ontario,OR,44.0265525,-116.9629378,43.8041,-120.5542,1,"Ontario, OR",West,655.0,832.2448741164635,3517.2205194470343,576.3036864676451,Temperate
HT_CA_Orange,Orange,CA,33.750631,-117.8722311,36.1162,-119.6816,1,"Orange, CA",West,44.0,606.8454733686312,3926.8097667991983,606.8454733686312,Tropical/Subtropical
HT_FL_Orange_Park,Orange Park,FL,30.1654707,-81.7016346,27.9947,-81.7603,1,"Orange Park, FL",South,13.0,3825.113676157968,1361.5936056089727,1319.2555973820733,Tropical/Subtropical
HT_NE_Ord,Ord,NE,41.6033379,-98.9262134,41.4925,-99.9018,1,"Ord, NE",Midwest,628.0,2052.767394122592,2086.713939614372,1352.5373520415526,Temperate
HT_FL_Orlando,Orlando,FL,28.5421218,-81.379045,27.9947,-81.7603,2,"Orlando, FL",South,46.0,3929.306204409193,1508.5262374119466,1367.0839147266827,Tropical/Subtropical
HT_MT_Overland,Overland,MT,45.7503046,-108.5714967,47.0527,-109.6333,1,"Overland, MT",West,971.0,1449.3524774441473,2839.9340023682644,1071.3505049943828,Cold Temperate
HT_KS_Overland_Park,Overland Park,KS,38.9742502,-94.6851702,38.5266,-96.7265,1,"Overland Park, KS",Midwest,327.0,2417.8217128827514,1776.236653724353,1024.0199505741275,Subtropical
HT_NY_Ozone_Park,Ozone Park,NY,40.67677,-73.8437461,42.1657,-74.9481,1,"Ozone Park, NY",Northeast,12.0,4153.386901116425,14.285772752474061,14.285772752474061,Temperate
HT_FL_Palm_Bay,Palm Bay,FL,27.9946969,-80.6366144,27.9947,-81.7603,1,"Palm Bay, FL",South,12.0,4021.4761620312815,1535.816915227951,1449.5086955107342,Tropical/Subtropical
HT_AK_Palmer,Palmer,AK,61.5995703,-149.11109,64.0685,-152.2782,2,"Palmer, AK",Alaska/Hawaii,2.0,3226.9427073262273,5374.391833012859,2298.192122547481,Cold Temperate
HT_CA_Palo_Alto,Palo Alto,CA,37.4443293,-122.1598465,36.1162,-119.6816,1,"Palo Alto, CA",West,19.0,43.25906545741545,4130.34205910789,43.25906545741545,Subtropical
HT_IL_Palos_Hills,Palos Hills,IL,41.6966397,-87.816924,40.3495,-88.9861,1,"Palos Hills, IL",Midwest,185.0,2977.6207662147353,1162.2614461311473,1162.2614461311473,Temperate
HT_UT_Park_City,Park City,UT,40.6460921,-111.4979963,39.321,-111.0937,4,"Park City, UT",West,2138.0,994.8528572343364,3145.063266793279,994.8528572343364,Montane
HT_MN_Park_Rapids,Park Rapids,MN,46.9221813,-95.0586322,45.6945,-93.9196,1,"Park Rapids, MN",Midwest,438.0,2456.204512252708,1821.6864437013944,1821.6864437013944,Cold Temperate
HT_OH_Parma,Parma,OH,41.3822398,-81.7355692,40.3888,-82.7649,1,"Parma, OH",Midwest,283.0,3486.069933391162,653.87675875866,653.87675875866,Temperate
HT_CA_Patterson,Patterson,CA,37.471623,-121.1296949,36.1162,-119.6816,1,"Patterson, CA",West,31.0,118.72534568651348,4043.7994092801323,118.72534568651348,Subtropical
HT_GA_Peachtree_City,Peachtree City,GA,33.3975472,-84.5898256,33.0406,-83.6431,1,"Peachtree City, GA",South,267.0,3439.2347332247136,1241.4252934370418,1099.1369453787954,Tropical/Subtropical
HT_FL_Pembroke_Pines,Pembroke Pines,FL,26.0061943,-80.2872086,27.9947,-81.7603,1,"Pembroke Pines, FL",South,5.0,4154.734237276221,1731.4748109246593,1540.9387520404975,Tropical/Subtropical
HT_NJ_Pennington,Pennington,NJ,40.3281213,-74.7909992,40.2206,-74.7597,1,"Pennington, NJ",Northeast,69.0,4082.7293174872693,79.05598348686935,79.05598348686935,Temperate
HT_FL_Pensacola,Pensacola,FL,30.421309,-87.2169149,27.9947,-81.7603,1,"Pensacola, FL",South,26.0,3328.1212965316563,1651.116167484482,789.156593624658,Tropical/Subtropical
HT_TX_Perryton,Perryton,TX,36.3910229,-100.8059035,31.9686,-99.9018,1,"Perryton, TX",South,900.0,1923.5968675790903,2375.112973965373,893.1480122334381,Subtropical
HT_AZ_Pheonix,Pheonix,AZ,42.6294733,-71.2797933,33.7298,-111.4312,2,"Pheonix, AZ",West,43.0,4320.845490038778,311.1887079318343,311.1887079318343,Temperate
HT_PA_Philadelphia,Philadelphia,PA,39.9527237,-75.1635262,40.5908,-77.2098,2,"Philadelphia, PA",Northeast,46.0,4060.3492668389695,129.60795044006625,129.60795044006625,Subtropical
HT_AZ_Phoenix,Phoenix,AZ,33.4484367,-112.074141,33.7298,-111.4312,1,"Phoenix, AZ",West,351.0,1052.1984783768996,3450.949832323134,1052.1984783768996,Tropical/Subtropical
HT_MN_Pine_City,Pine City,MN,45.8260672,-92.9685423,45.6945,-93.9196,1,"Pine City, MN",Midwest,285.0,2588.0034744271543,1636.0466156617608,1636.0466156617608,Cold Temperate
HT_NJ_Piscataway,Piscataway,NJ,40.5464326,-74.4660542,40.2206,-74.7597,1,"Piscataway, NJ",Northeast,22.0,4104.7752237338145,43.08447526271092,43.08447526271092,Temperate
HT_PA_Pittsburgh,Pittsburgh,PA,40.4406968,-80.0025666,40.5908,-77.2098,1,"Pittsburgh, PA",Northeast,241.0,3645.4989527985417,508.5346379526633,508.5346379526633,Temperate
HT_VT_Pittsfield,Pittsfield,VT,43.7730063,-72.8131838,44.0459,-72.7107,1,"Pittsfield, VT",Northeast,287.0,4177.001581493182,353.8796162232356,353.8796162232356,Temperate
HT_FL_Plant_City,Plant City,FL,28.01633,-82.1234803,27.9947,-81.7603,1,"Plant City, FL",South,45.0,3889.662965992403,1592.3093980295669,1305.7093441675909,Tropical/Subtropical
HT_TX_Port_Arthur,Port Arthur,TX,29.8716577,-93.9332302,31.9686,-99.9018,1,"Port Arthur, TX",South,6.0,2766.2013118738173,2167.156765219876,139.40986428244665,Tropical/Subtropical
HT_NY_Port_Chester,Port Chester,NY,41.0017643,-73.6656834,42.1657,-74.9481,1,"Port Chester, NY",Northeast,16.0,4160.813520099124,43.047775305605036,43.047775305605036,Temperate
HT_OR_Portland,Portland,OR,45.5202471,-122.674194,43.8041,-120.5542,6,"Portland, OR",West,20.0,860.5102945229171,3935.5053998486305,233.35743029528518,Cold Temperate
HT_NY_Poughkeepsie,Poughkeepsie,NY,41.7065539,-73.9283672,42.1657,-74.9481,1,"Poughkeepsie, NY",Northeast,55.0,4124.35320126011,110.55615950029095,110.55615950029095,Temperate
HT_NY_Pound_Ridge,Pound Ridge,NY,41.2087066,-73.5748483,42.1657,-74.9481,1,"Pound Ridge, NY",Northeast,203.0,4163.766696350207,65.95705545062359,65.95705545062359,Temperate
HT_CA_Poway,Poway,CA,32.9628234,-117.035864,36.1162,-119.6816,1,"Poway, CA",West,158.0,723.8626095620507,3892.9497503962266,723.8626095620507,Tropical/Subtropical
HT_WI_Prairie_du_Chien,Prairie du Chien,WI,43.05194,-91.1409933,44.2685,-89.6165,1,"Prairie du Chien, WI",Midwest,198.0,2702.031158023694,1443.1277083131122,1443.1277083131122,Temperate
HT_AZ_Prescott_Valley,Prescott Valley,AZ,34.5950776,-112.3338634,33.7298,-111.4312,1,"Prescott Valley, AZ",West,1560.0,972.7553912803448,3421.5494873323455,972.7553912803448,Montane
HT_KY_Prospect,Prospect,KY,38.3459615,-85.6046048,37.6681,-84.6701,1,"Prospect, KY",South,178.0,3209.832947094088,1030.3798608987215,1030.3798608987215,Subtropical
HT_VT_Putney,Putney,VT,42.9751766,-72.5215973,44.0459,-72.7107,1,"Putney, VT",Northeast,116.0,4214.117669384152,279.883598364789,279.883598364789,Temperate
HT_WA_Quincy,Quincy,WA,47.2343673,-119.8535054,47.4009,-121.4905,1,"Quincy, WA",West,396.0,1071.576332133499,3694.2969154126513,191.5337964868701,Cold Temperate
HT_NC_Raeford,Raeford,NC,34.9809996,-79.2241998,35.6301,-79.8064,1,"Raeford, NC",South,82.0,3854.0034551368863,784.3020893029725,784.3020893029725,Tropical/Subtropical
HT_NC_Raleigh,Raleigh,NC,35.7803977,-78.6390989,35.6301,-79.8064,4,"Raleigh, NC",South,113.0,3878.7541960669096,681.1174286227696,681.1174286227696,Subtropical
HT_CA_Rancho_Cucamonga,Rancho Cucamonga,CA,34.1033192,-117.575173,36.1162,-119.6816,2,"Rancho Cucamonga, CA",West,365.0,597.3473923689563,3885.7378802165467,597.3473923689563,Tropical/Subtropical
HT_NJ_Randolph,Randolph,NJ,40.844265,-74.5857218,40.2206,-74.7597,1,"Randolph, NJ",Northeast,304.0,4088.28168334207,51.068977056269226,51.068977056269226,Temperate
HT_ID_Rathdrum,Rathdrum,ID,47.8111504,-116.896931,44.0682,-114.742,1,"Rathdrum, ID",West,673.0,1202.178403129047,3467.365977447651,408.4311044545435,Cold Temperate
HT_OH_Ravenna,Ravenna,OH,41.157557,-81.242047,40.3888,-82.7649,1,"Ravenna, OH",Midwest,346.0,3530.272957395342,611.2220884166991,611.2220884166991,Temperate
HT_PA_Reading,Reading,PA,40.335345,-75.9279495,40.5908,-77.2098,1,"Reading, PA",Northeast,78.0,3987.9205744094797,168.16420734786846,168.16420734786846,Temperate
HT_WA_Redmond,Redmond,WA,47.6694141,-122.1238767,47.4009,-121.4905,1,"Redmond, WA",West,15.0,1099.421643487273,3859.2495858551733,17.153190591904053,Cold Temperate
HT_CA_Redwood_City,Redwood City,CA,37.4863239,-122.232523,36.1162,-119.6816,1,"Redwood City, CA",West,2.0,36.02725457812543,4134.743236351897,36.02725457812543,Subtropical
HT_NV_Reno,Reno,NV,39.5261788,-119.812658,38.8026,-116.4194,1,"Reno, NV",West,1383.0,298.78321774746394,3862.1167451567267,298.78321774746394,Subtropical
HT_WA_Richland,Richland,WA,46.2804298,-119.275205,47.4009,-121.4905,2,"Richland, WA",West,106.0,979.7472387479114,3662.1926621688076,275.45099998391174,Cold Temperate
HT_IL_Richview,Richview,IL,38.378383,-89.1800752,40.3495,-88.9861,1,"Richview, IL",Midwest,165.0,2901.3253283618224,1328.030898434372,1112.983732447714,Subtropical
HT_NY_Rochester,Rochester,NY,43.157285,-77.615214,42.1657,-74.9481,1,"Rochester, NY",Northeast,161.0,3800.520733001156,404.05258759860175,404.05258759860175,Temperate
HT_FL_Rockledge,Rockledge,FL,28.330831,-80.7349162,27.9947,-81.7603,1,"Rockledge, FL",South,9.0,3996.2788722579394,1504.8797762605564,1433.1772527290702,Tropical/Subtropical
HT_NY_Rome,Rome,NY,43.2102196,-75.4583956,42.1657,-74.9481,1,"Rome, NY",Northeast,134.0,3973.801812339444,302.3853523817225,302.3853523817225,Temperate
HT_NY_Roosevelt,Roosevelt,NY,40.678101,-73.5856329,42.1657,-74.9481,1,"Roosevelt, NY",Northeast,13.0,4174.712170132604,35.73825415734544,35.73825415734544,Temperate
HT_GA_Roswell,Roswell,GA,34.02332,-84.360022,33.0406,-83.6431,1,"Roswell, GA",South,335.0,3437.3186772759404,1178.525628872557,1142.928886975542,Tropical/Subtropical
HT_AR_Russellville,Russellville,AR,35.2784173,-93.1337856,34.9697,-92.3731,1,"Russellville, AR",South,109.0,2626.6518266000494,1780.653057417868,646.9275369390793,Subtropical
HT_NC_Rutherfordton,Rutherfordton,NC,35.3692877,-81.9567716,35.6301,-79.8064,1,"Rutherfordton, NC",South,296.0,3603.374409659602,915.2134361840986,915.2134361840986,Subtropical
HT_CA_Sacramento,Sacramento,CA,38.5810606,-121.493895,36.1162,-119.6816,3,"Sacramento, CA",West,20.0,120.75995585859484,4032.887036932916,120.75995585859484,Subtropical
HT_MA_Salem,Salem,MA,42.5195292,-70.8967226,42.2352,-71.0275,2,"Salem, MA",Northeast,12.0,4354.023235195853,327.7172631676445,327.7172631676445,Temperate
HT_OR_Salem,Salem,OR,44.9391565,-123.033121,43.8041,-120.5542,1,"Salem, OR",West,55.0,797.3180286018378,3974.962533107301,301.3401738664178,Temperate
HT_UT_Salt_Lake_City,Salt Lake City,UT,40.7596198,-111.886797,39.321,-111.0937,5,"Salt Lake City, UT",West,1312.0,966.7025741547934,3174.3907730358883,966.7025741547934,Temperate
HT_WA_Sammamish,Sammamish,WA,47.6017554,-122.0416844,47.4009,-121.4905,1,"Sammamish, WA",West,123.0,1092.0699538883066,3853.985095641421,21.843287338854836,Cold Temperate
HT_TX_San_Antonio,San Antonio,TX,29.4246002,-98.4951405,31.9686,-99.9018,1,"San Antonio, TX",South,206.0,2397.106557603551,2547.990733148718,305.0462911787087,Tropical/Subtropical
HT_CA_San_Diego,San Diego,CA,32.7174202,-117.162772,36.1162,-119.6816,14,"San Diego, CA",West,29.0,737.0916217550181,3915.399152599398,737.0916217550181,Tropical/Subtropical
HT_CA_San_Francisco,San Francisco,CA,37.7879363,-122.4075201,36.1162,-119.6816,2,"San Francisco, CA",West,35.0,1.7857297367114862,4137.666006085163,1.7857297367114862,Subtropical
HT_CA_San_Juan_Capistrano,San Juan Capistrano,CA,33.5016932,-117.6625509,36.1162,-119.6816,1,"San Juan Capistrano, CA",West,36.0,640.4410298588379,3920.5847498468233,640.4410298588379,Tropical/Subtropical
HT_UT_Sandy,Sandy,UT,40.5710454,-111.8953815,39.321,-111.0937,1,"Sandy, UT",West,1345.0,960.2149105913875,3179.70414010183,960.2149105913875,Temperate
HT_CA_Santa_Clarita,Santa Clarita,CA,34.4127963,-118.5538088,36.1162,-119.6816,1,"Santa Clarita, CA",West,357.0,510.15503398129135,3954.402377624514,510.15503398129135,Tropical/Subtropical
HT_CA_Santa_Cruz,Santa Cruz,CA,37.050096,-121.99059,36.1162,-119.6816,1,"Santa Cruz, CA",West,249.0,88.94983254792228,4131.7145887569595,88.94983254792228,Subtropical
HT_CA_Santa_Monica,Santa Monica,CA,34.0194704,-118.491227,36.1162,-119.6816,1,"Santa Monica, CA",West,34.0,547.0532853873538,3966.7733736374234,547.0532853873538,Tropical/Subtropical
HT_MN_Savage,Savage,MN,44.7779041,-93.3356204,45.6945,-93.9196,1,"Savage, MN",Midwest,220.0,2542.021015842455,1641.3300978851867,1641.3300978851867,Temperate
HT_GA_Savannah,Savannah,GA,32.0790074,-81.0921335,33.0406,-83.6431,1,"Savannah, GA",South,21.0,3797.3591216515815,1148.8304465093845,1148.8304465093845,Tropical/Subtropical
HT_IL_Savoy,Savoy,IL,40.054753,-88.2517165,40.3495,-88.9861,1,"Savoy, IL",Midwest,223.0,2955.9659780421293,1210.5330125894827,1210.5330125894827,Temperate
HT_WA_Seattle,Seattle,WA,47.6038321,-122.330062,47.4009,-121.4905,4,"Seattle, WA",West,51.0,1091.8902255910943,3875.492202581513,0.30462173029672296,Cold Temperate
HT_CO_Silverthorne,Silverthorne,CO,39.6317896,-106.0752294,39.0598,-105.3111,2,"Silverthorne, CO",West,2672.0,1434.5409825819322,2719.0534835030776,1434.5409825819322,Montane
HT_CA_Simi_Valley,Simi Valley,CA,34.2677404,-118.7538071,36.1162,-119.6816,1,"Simi Valley, CA",West,267.0,510.4041027397268,3977.7220804753274,510.4041027397268,Tropical/Subtropical
HT_OK_Skiatook,Skiatook,OK,36.3685186,-96.0013369,35.5653,-96.9289,1,"Skiatook, OK",South,199.0,2346.682464362177,1971.5727246629394,735.2439105918113,Subtropical
HT_WA_Snohomish,Snohomish,WA,48.0074736,-121.7304882,47.4009,-121.4905,1,"Snohomish, WA",West,598.0,1138.1241034839563,3825.8810035648467,63.41307384919704,Cold Temperate
HT_CA_Somerset,Somerset,CA,33.5103786,-117.1469498,36.1162,-119.6816,1,"Somerset, CA",West,332.0,671.9983110434017,3876.6519560606757,671.9983110434017,Tropical/Subtropical
HT_ME_South_Freeport,South Freeport,ME,43.8198026,-70.1094938,44.6939,-69.3819,1,"South Freeport, ME",Northeast,25.0,4391.052593064258,471.5411908716426,471.5411908716426,Temperate
HT_MA_South_Hadley,South Hadley,MA,42.2591392,-72.5751341,42.2352,-71.0275,1,"South Hadley, MA",Northeast,75.0,4223.553172175836,209.2166651923646,209.2166651923646,Temperate
HT_TX_Southlake,Southlake,TX,32.9412363,-97.1341783,31.9686,-99.9018,1,"Southlake, TX",South,198.0,2352.051390761443,2227.698864565481,390.5776930287032,Tropical/Subtropical
HT_WA_Spokane,Spokane,WA,47.6571934,-117.42351,47.4009,-121.4905,2,"Spokane, WA",West,584.0,1170.9436463607826,3507.7825810751447,368.88676821694577,Cold Temperate
HT_WA_Spokane_Valley,Spokane Valley,WA,47.6571104,-117.2613936,47.4009,-121.4905,1,"Spokane Valley, WA",West,606.0,1175.5978370369826,3495.628542687114,381.0630806080159,Cold Temperate
HT_TX_Spring,Spring,TX,30.070979,-95.4013419,31.9686,-99.9018,1,"Spring, TX",South,41.0,2629.2616629394356,2264.96753886635,34.562477404404845,Tropical/Subtropical
HT_CA_Spring_Valley,Spring Valley,CA,39.0762525,-122.5949373,36.1162,-119.6816,1,"Spring Valley, CA",West,386.0,145.26693132233044,4105.889326746721,145.26693132233044,Subtropical
HT_FL_St._Augustine,St. Augustine,FL,29.8946952,-81.3145395,27.9947,-81.7603,1,"St. Augustine, FL",South,7.0,3871.4386819346596,1370.7347216960122,1357.713038264221,Tropical/Subtropical
HT_FL_St._Augustine_Beach,St. Augustine Beach,FL,29.8508613,-81.2716634,27.9947,-81.7603,1,"St. Augustine Beach, FL",South,13.0,3877.2103196348507,1373.2028360593758,1362.1031601727827,Tropical/Subtropical
HT_MO_St._Charles,St. Charles,MO,38.7877791,-90.6747372,38.4561,-92.2884,1,"St. Charles, MO",South,168.0,2765.8307776471706,1442.2278055466977,1090.2996832530957,Subtropical
HT_MI_St._Johns,St. Johns,MI,43.000928,-84.5585098,43.3266,-84.5361,1,"St. Johns, MI",Midwest,244.0,3238.432721813952,911.6301729119526,911.6301729119526,Temperate
HT_MO_St._Joseph,St. Joseph,MO,39.7686055,-94.8466322,38.4561,-92.2884,1,"St. Joseph, MO",South,275.0,2396.881507929447,1772.3290464811994,1111.3092482995514,Subtropical
HT_MO_St._Louis,St. Louis,MO,38.6254063,-90.190009,38.4561,-92.2884,5,"St. Louis, MO",South,146.0,2810.0921714956253,1405.7731664576236,1092.6256166640649,Subtropical
HT_MO_St._Louis_,St. Louis ,MO,38.6254063,-90.190009,38.4561,-92.2884,1,"St. Louis , MO",South,146.0,2810.0921714956253,1405.7731664576236,1092.6256166640649,Subtropical
HT_MN_St._Paul,St. Paul,MN,44.9497487,-93.0931028,45.6945,-93.9196,1,"St. Paul, MN",Midwest,240.0,2563.57174404258,1625.6328141524018,1625.6328141524018,Temperate
HT_FL_St._Petersburg,St. Petersburg,FL,27.7712264,-82.6340259,27.9947,-81.7603,2,"St. Petersburg, FL",South,13.0,3857.088885104262,1638.8567941277136,1262.4318280618138,Tropical/Subtropical
HT_VA_Stafford,Stafford,VA,38.4167265,-77.4579783,37.7693,-78.1694,1,"Stafford, VA",South,70.0,3904.601679001197,391.0696876607791,391.0696876607791,Subtropical
HT_NC_Statesville,Statesville,NC,35.7827676,-80.8873574,35.6301,-79.8064,1,"Statesville, NC",South,277.0,3683.614198512568,813.3317510036542,813.3317510036542,Subtropical
HT_CO_Steamboat_Springs,Steamboat Springs,CO,40.4848003,-106.831735,39.0598,-105.3111,1,"Steamboat Springs, CO",West,2057.0,1379.0101932557543,2762.214797401934,1379.0101932557543,Montane
HT_KS_Sterling,Sterling,KS,38.2100112,-98.2070059,38.5266,-96.7265,1,"Sterling, KS",Midwest,503.0,2121.328696042112,2094.4559471286607,973.0755800879563,Subtropical
HT_MN_Stillwater,Stillwater,MN,45.0559126,-92.807572,45.6945,-93.9196,1,"Stillwater, MN",Midwest,216.0,2587.4722666358743,1605.6422294798624,1605.6422294798624,Cold Temperate
HT_KS_Stilwell,Stilwell,KS,38.7691755,-94.6563454,38.5266,-96.7265,1,"Stilwell, KS",Midwest,333.0,2422.6472757608894,1778.9890894124426,1001.4729496980596,Subtropical
HT_CA_Stockton,Stockton,CA,37.9577016,-121.290779,36.1162,-119.6816,1,"Stockton, CA",West,5.0,101.36007363950046,4038.83953279072,101.36007363950046,Subtropical
HT_MA_Stoneham,Stoneham,MA,42.4802635,-71.0993581,42.2352,-71.0275,1,"Stoneham, MA",Northeast,50.0,4338.491563669193,311.83205276081685,311.83205276081685,Temperate
HT_WI_Suamico,Suamico,WI,44.632044,-88.039342,44.2685,-89.6165,1,"Suamico, WI",Midwest,184.0,2958.494694369955,1227.998614035277,1227.998614035277,Temperate
HT_WI_Sun_Prairie,Sun Prairie,WI,43.183278,-89.2128297,44.2685,-89.6165,1,"Sun Prairie, WI",Midwest,287.0,2859.2409839469947,1288.4849335725849,1288.4849335725849,Temperate
HT_ID_Sun_Valley,Sun Valley,ID,43.696215,-114.353097,44.0682,-114.742,2,"Sun Valley, ID",West,1817.0,946.0315864516867,3315.506008529713,758.1133413549602,Montane
HT_CA_Sunnyvale,Sunnyvale,CA,37.3688301,-122.036349,36.1162,-119.6816,1,"Sunnyvale, CA",West,36.0,56.35849166912104,4123.025311373089,56.35849166912104,Subtropical
HT_AZ_Surprise,Surprise,AZ,33.629247,-112.3681428,33.7298,-111.4312,1,"Surprise, AZ",West,368.0,1018.5300968771186,3467.45975588903,1018.5300968771186,Tropical/Subtropical
HT_IA_Swisher,Swisher,IA,41.8456224,-91.6929702,42.0115,-93.2105,1,"Swisher, IA",Midwest,239.0,2655.003461990585,1484.4863873776083,1381.1205341588714,Temperate
HT_NY_Syracuse,Syracuse,NY,43.0481221,-76.1474244,42.1657,-74.9481,1,"Syracuse, NY",Northeast,138.0,3920.5919965179755,314.4200219793387,314.4200219793387,Temperate
HT_UT_Syracuse,Syracuse,UT,41.0895938,-112.0638903,39.321,-111.0937,1,"Syracuse, UT",West,1310.0,963.7395163880851,3181.1791790683756,963.7395163880851,Temperate
HT_FL_Tampa,Tampa,FL,27.9449854,-82.4583107,27.9947,-81.7603,1,"Tampa, FL",South,19.0,3863.801536448463,1613.896987656754,1275.112172876286,Tropical/Subtropical
"HT_FL_Tampa,_Fla.","Tampa, Fla.",FL,27.9449854,-82.4583107,27.9947,-81.7603,1,"Tampa, Fla., FL",South,19.0,3863.801536448463,1613.896987656754,1275.112172876286,Tropical/Subtropical
HT_WA_Tekoa,Tekoa,WA,47.2233681,-117.070875,47.4009,-121.4905,1,"Tekoa, WA",West,773.0,1137.2205913053972,3484.4712281397788,399.2367374707837,Cold Temperate
HT_FL_Tequesta,Tequesta,FL,26.9609367,-80.089205,27.9947,-81.7603,1,"Tequesta, FL",South,11.0,4121.91967705095,1624.8510318533886,1528.5246330925183,Tropical/Subtropical
HT_IN_Terre_Haute,Terre Haute,IN,39.4667025,-87.4139119,39.8494,-86.2604,1,"Terre Haute, IN",Midwest,152.0,3035.1425679027625,1150.646195576423,1150.646195576423,Subtropical
HT_TX_Terrell,Terrell,TX,30.1990738,-102.0974881,31.9686,-99.9018,1,"Terrell, TX",South,672.0,2051.3850982270524,2788.0344355824323,650.9838103880826,Tropical/Subtropical
HT_CT_Tolland,Tolland,CT,41.8700166,-72.3677153,41.5978,-72.7554,1,"Tolland, CT",Northeast,206.0,4248.4444118953115,188.00628083948874,188.00628083948874,Temperate
HT_WI_Tomah,Tomah,WI,43.978576,-90.5040214,44.2685,-89.6165,1,"Tomah, WI",Midwest,297.0,2758.1846295313285,1404.3290090495425,1404.3290090495425,Temperate
HT_NJ_Toms_River,Toms River,NJ,39.9528389,-74.196741,40.2206,-74.7597,1,"Toms River, NJ",Northeast,11.0,4141.040056630808,85.92936163983511,85.92936163983511,Subtropical
HT_OH_Tontogany,Tontogany,OH,41.4192278,-83.7403759,40.3888,-82.7649,2,"Tontogany, OH",Midwest,206.0,3319.033783142692,821.4981675595167,821.4981675595167,Temperate
HT_KS_Topeka,Topeka,KS,39.049011,-95.677556,38.5266,-96.7265,1,"Topeka, KS",Midwest,298.0,2331.470164190809,1858.253075110104,1030.7777620294676,Subtropical
HT_PA_Topton,Topton,PA,40.5034284,-75.7013027,40.5908,-77.2098,1,"Topton, PA",Northeast,149.0,4003.1374033316124,145.34521165394528,145.34521165394528,Temperate
HT_CA_Torrance,Torrance,CA,33.8371392,-118.3413606,36.1162,-119.6816,1,"Torrance, CA",West,34.0,571.4869640822384,3962.4295790636934,571.4869640822384,Tropical/Subtropical
HT_AZ_Tucson,Tucson,AZ,32.2228765,-110.974847,33.7298,-111.4312,3,"Tucson, AZ",West,732.0,1211.4520340337658,3416.963578898366,1211.4520340337658,Tropical/Subtropical
HT_AL_Tuscaloosa,Tuscaloosa,AL,33.2095614,-87.5675258,32.8067,-86.7113,1,"Tuscaloosa, AL",South,73.0,3183.9867705947,1464.2120791486548,833.8321992352877,Tropical/Subtropical
HT_CO_Vail,Vail,CO,39.6438028,-106.3888231,39.0598,-105.3111,1,"Vail, CO",West,2495.0,1407.7384013519722,2744.9857294046337,1407.7384013519722,Montane
HT_IN_Valparaiso,Valparaiso,IN,41.4672552,-87.0604487,39.8494,-86.2604,1,"Valparaiso, IN",Midwest,239.0,3042.183514797598,1098.9875459841478,1098.9875459841478,Temperate
HT_SC_Vance,Vance,SC,33.4337744,-80.4228665,34.0007,-81.1637,1,"Vance, SC",South,36.0,3803.798807589428,988.3713595826418,988.3713595826418,Tropical/Subtropical
HT_WA_Vancouver,Vancouver,WA,45.6306954,-122.6744557,47.4009,-121.4905,1,"Vancouver, WA",West,30.0,872.7822352006743,3933.4146586757856,221.1632224206316,Cold Temperate
HT_VA_Vienna,Vienna,VA,38.9013729,-77.2651762,37.7693,-78.1694,1,"Vienna, VA",South,109.0,3908.8071240537315,343.9717413479299,343.9717413479299,Subtropical
HT_VA_Virginia_Beach,Virginia Beach,VA,36.8496579,-75.9760751,37.7693,-78.1694,2,"Virginia Beach, VA",South,5.0,4075.136140620293,461.7198326536045,461.7198326536045,Subtropical
HT_CA_Visalia,Visalia,CA,36.3302284,-119.292058,36.1162,-119.6816,1,"Visalia, CA",West,107.0,321.0451406970492,3935.285155351294,321.0451406970492,Subtropical
HT_OH_Wadsworth,Wadsworth,OH,41.0256101,-81.7298519,40.3888,-82.7649,1,"Wadsworth, OH",Midwest,358.0,3491.598151767116,651.8430007796856,651.8430007796856,Temperate
HT_NC_Wake_Forest,Wake Forest,NC,35.9803138,-78.5103731,35.6301,-79.8064,1,"Wake Forest, NC",South,119.0,3883.603227513337,656.2966147200403,656.2966147200403,Subtropical
HT_MD_Waldorf,Waldorf,MD,38.6023935,-76.9274072,39.0639,-76.8021,1,"Waldorf, MD",South,68.0,3944.889136848858,343.12140765975465,343.12140765975465,Subtropical
HT_WA_Walla_Walla,Walla Walla,WA,46.2055155,-118.5174284,47.4009,-121.4905,1,"Walla Walla, WA",West,315.0,990.3290523678074,3605.1411466045693,329.66880260254885,Cold Temperate
HT_OK_Warner_,Warner ,OK,35.494675,-95.3060603,35.5653,-96.9289,1,"Warner , OK",South,181.0,2429.516036472934,1950.2183287750445,635.9491186922668,Subtropical
HT_MI_Warren,Warren,MI,42.4932575,-83.0062746,43.3266,-84.5361,1,"Warren, MI",Midwest,190.0,3368.804839386385,775.4901266095923,775.4901266095923,Temperate
HT_MN_Waseca,Waseca,MN,44.0172242,-93.5885717,45.6945,-93.9196,1,"Waseca, MN",Midwest,331.0,2511.974077044266,1650.0987260846946,1590.0190762003408,Temperate
"HT_WA_Washington,_D.C.","Washington, D.C.",WA,38.8898398,-77.0402691,47.4009,-121.4905,1,"Washington, D.C., WA",West,5.0,3928.1175651178974,329.3470469834819,329.3470469834819,Subtropical
HT_AK_Wasilla,Wasilla,AK,61.5824216,-149.442563,64.0685,-152.2782,1,"Wasilla, AK",Alaska/Hawaii,2.0,3238.6127827853347,5392.035971434353,2312.4676840386282,Cold Temperate
HT_NJ_Wayne,Wayne,NJ,40.9491723,-74.2376802,40.2206,-74.7597,1,"Wayne, NJ",Northeast,95.0,4114.768401509461,32.724909782947186,32.724909782947186,Temperate
HT_FL_Wellington,Wellington,FL,26.6586779,-80.2414357,27.9947,-81.7603,1,"Wellington, FL",South,8.0,4124.2448101736245,1661.422375064597,1523.152599994514,Tropical/Subtropical
HT_MA_Wenham,Wenham,MA,42.6046209,-70.8873511,42.2352,-71.0275,1,"Wenham, MA",Northeast,22.0,4352.995705891741,334.0599793542555,334.0599793542555,Temperate
HT_LA_West_Monroe,West Monroe,LA,32.5184775,-92.1476353,31.1695,-91.8749,1,"West Monroe, LA",South,27.0,2806.5210643963997,1854.9627304439316,433.4591890467966,Tropical/Subtropical
HT_NY_Westbury,Westbury,NY,40.7556561,-73.5876273,42.1657,-74.9481,1,"Westbury, NY",Northeast,32.0,4172.77538853637,35.65983977613563,35.65983977613563,Temperate
HT_IN_Westfield,Westfield,IN,40.0428151,-86.1274888,39.8494,-86.2604,1,"Westfield, IN",Midwest,271.0,3136.1445596373947,1031.234360283811,1031.234360283811,Temperate
HT_CA_Westminster,Westminster,CA,33.7578725,-117.9859054,36.1162,-119.6816,1,"Westminster, CA",West,17.0,599.327719520556,3936.0695340681627,599.327719520556,Tropical/Subtropical
HT_CO_Westminster,Westminster,CO,39.8366528,-105.0372046,39.0598,-105.3111,2,"Westminster, CO",West,1643.0,1524.6167419918434,2627.2518644716542,1423.6070402966966,Montane
HT_FL_Weston,Weston,FL,26.1003392,-80.399513,27.9947,-81.7603,1,"Weston, FL",South,2.0,4139.858339124369,1725.087031059908,1526.9203222165854,Tropical/Subtropical
HT_KS_Wichita,Wichita,KS,37.6922361,-97.3375448,38.5266,-96.7265,1,"Wichita, KS",Midwest,407.0,2204.279779037084,2036.8313828812418,898.4178179000411,Subtropical
"HT_KS_Wichita,_Kan.","Wichita, Kan.",KS,37.6922361,-97.3375448,38.5266,-96.7265,1,"Wichita, Kan., KS",Midwest,407.0,2204.279779037084,2036.8313828812418,898.4178179000411,Subtropical
HT_VA_Williamsburg,Williamsburg,VA,37.2708788,-76.7074042,37.7693,-78.1694,1,"Williamsburg, VA",South,33.0,3999.9440353863097,448.0255234162565,448.0255234162565,Subtropical
HT_NY_Williston_Park,Williston Park,NY,40.75649,-73.6448513,42.1657,-74.9481,1,"Williston Park, NY",Northeast,39.0,4168.026458578583,30.890215816845387,30.890215816845387,Temperate
HT_DE_Wilmington,Wilmington,DE,39.7459468,-75.546589,39.3185,-75.5244,1,"Wilmington, DE",South,49.0,4033.1741653718627,169.4562500715201,169.4562500715201,Subtropical
HT_MA_Wilmington,Wilmington,MA,42.5464828,-71.1736669,42.2352,-71.0275,1,"Wilmington, MA",Northeast,32.0,4331.113511636356,311.70537755936374,311.70537755936374,Temperate
HT_VA_Winchester,Winchester,VA,39.1852184,-78.1652404,37.7693,-78.1694,2,"Winchester, VA",South,215.0,3825.9438201789726,393.7744560080754,393.7744560080754,Subtropical
HT_CA_Windsor,Windsor,CA,38.5471327,-122.8163802,36.1162,-119.6816,1,"Windsor, CA",West,35.0,92.50875375193966,4143.083024157106,92.50875375193966,Subtropical
"HT_CT_Windsor,_Connecticut","Windsor, Connecticut",CT,41.8525984,-72.6437022,41.5978,-72.7554,1,"Windsor, Connecticut, CT",Northeast,15.0,4226.31212254652,170.4315217993928,170.4315217993928,Temperate
HT_CA_Winter_Park,Winter Park,CA,38.6302649,-121.5042484,36.1162,-119.6816,1,"Winter Park, CA",West,5.0,124.25648939758571,4031.9821515971125,124.25648939758571,Subtropical
HT_CO_Winter_Park,Winter Park,CO,39.9180425,-105.7855635,39.0598,-105.3111,4,"Winter Park, CO",West,2690.0,1461.2828434903208,2687.897855429756,1461.2828434903208,Montane
HT_IA_Woodbine,Woodbine,IA,41.7371441,-95.7021649,42.0115,-93.2105,1,"Woodbine, IA",Midwest,332.0,2321.6519209902763,1817.9172512727375,1329.2244599593091,Temperate
HT_WA_Woodinville,Woodinville,WA,47.7545827,-122.1588902,47.4009,-121.4905,1,"Woodinville, WA",West,16.0,1108.8301489509088,3860.775644170292,21.007599733322305,Cold Temperate
HT_WA_Yakima,Yakima,WA,46.601557,-120.510842,47.4009,-121.4905,1,"Yakima, WA",West,328.0,992.9487437025559,3752.032155312239,177.71927533880793,Cold Temperate
HT_SD_Yankton,Yankton,SD,42.8712938,-97.3967011,44.2998,-99.4388,1,"Yankton, SD",Midwest,368.0,2191.624053127338,1952.5691360617727,1466.0802498361415,Temperate
HT_CA_Yuba_City,Yuba City,CA,39.1404477,-121.6169108,36.1162,-119.6816,1,"Yuba City, CA",West,18.0,166.9816184071932,4023.3412734108833,166.9816184071932,Subtropical
